code,name,account_type,reconcile
1.03.01.0001,UNAPPROPRIATED PROFIT/(LOSS),equity_unaffected,False
1.05.01.0001,PROFIT DISTRIBUTION - MVS - HAMID NAZIR,equity,False
1.05.01.0002,PROFIT DISTRIBUTION - MVS - TALLAT MEHMOOD,equity,False
1.05.01.0005,PROFIT DISTRIBUTION - GENERAL - TALLAT MEHMOOD,equity,False
1.05.01.0006,PROFIT DISTRIBUTION - GENERAL - HAMID NAZIR,equity,False
1.05.02.0002,PROFIT DISTRIBUTION - MVS - BUSHRA MOHSIN,equity,False
1.09.01.0001,GST SAVING RESERVE,equity,False
2.02.01.0001,LOAN FROM DIRECTORS - TALLAT MEHMOOD,liability_non_current,False
2.02.01.0002,LOAN FROM DIRECTORS - HAMID NAZIR,liability_non_current,False
2.02.01.0003,LOAN FROM DIRECTORS - MUAAZ BIN HAMID,liability_non_current,False
2.02.03.0001,LOAN FROM OTHERS - TARIQ MEHMOOD,liability_non_current,False
2.02.03.0003,NAEEM BUTT - INVESTMENT,liability_non_current,False
2.02.03.0005,LOAN FROM OTHERS - ASHRAF,liability_non_current,False
2.02.03.0008,MASOOD AHMAD SHEIKH - SOLAR INVESTMENT,liability_non_current,False
2.02.03.0009,GHAZANFAR SHEIKH - SOLAR INVESTMENT,liability_non_current,False
2.02.03.0010,TARIQ MEHMOOD - SOLAR INVESTMENT,liability_non_current,False
2.02.03.0011,MUAAZ BIN HAMID - SOLAR INVESTMENT,liability_non_current,False
2.02.04.0001,PROFIT PAYABLE ON INVESTMENT - HAMID NAZIR,liability_non_current,False
2.02.04.0002,PROFIT PAYABLE ON INVESTMENT - TALLAT MEHMOOD,liability_non_current,False
2.02.04.0005,SOLAR PROFIT PAYABLE - MUAAZ BIN HAMID,liability_non_current,False
2.02.04.0006,SOLAR PROFIT PAYABLE - TARIQ MEHMOOD,liability_non_current,False
2.02.04.0007,SOLAR PROFIT PAYABLE - HAMID NAZIR,liability_non_current,False
2.02.04.0008,SOLAR PROFIT PAYABLE - SHEIKH GHAZANFAR,liability_non_current,False
2.02.04.0009,SOLAR PROFIT PAYABLE - SHEIKH MASOOD,liability_non_current,False
2.02.05.0001,JOINT VENTURE INVESTMENT - US DENIM,liability_non_current,False
2.02.05.0005,CSPL FABRIC JOINT VENTURE ACCOUNT - INVESTMENT,liability_non_current,False
2.07.01,CREDITORS-RAW MATERIAL,liability_payable,True
2.07.02,CREDITORS-RAGS/WASTE,liability_payable,True
2.07.03,CREDITORS-MACHINERY/ASSETS,liability_payable,True
2.07.04,CREDITORS-STORES,liability_payable,True
2.07.05,CREDITORS-CONTRACTORS,liability_payable,True
2.07.07,CREDITORS-PURCHASE BROKERAGE,liability_payable,True
2.07.08,CREDITORS - SERVICES,liability_payable,True
2.07.09,CREDITORS - OTHERS,liability_payable,True
2.07.13,CREDITORS - EXPORT BUSINESS,liability_payable,True
2.09.01.0002,L/C DA CONTRACT PAYABLE,liability_current,False
2.11.01.0001,SALARIES PAYABLE - HEAD OFFICE,liability_current,False
2.11.01.0002,DIRECTOR'S REMUNERATION PAYABLE - HAMID NAZIR,liability_current,False
2.11.01.0003,DIRECTOR'S REMUNERATION PAYABLE - TALLAT MEHMOOD,liability_current,False
2.11.01.0004,REMUNERATION PAYABLE - ZAIN ELAHI,liability_current,False
2.11.01.0005,REMUNERATION PAYABLE - TARIQ MEHMOOD,liability_current,False
2.11.01.0011,SOCIAL SECURITY PAYABLE - HEAD OFFICE,liability_current,False
2.11.01.0012,E.O.B.I PAYABLE - HEAD OFFICE,liability_current,False
2.11.01.0015,CHARITY PAYABLE - MR.HAMID /MUAZ,liability_current,False
2.11.01.0016,CHARITY PAYABLE - MR.TALLAT MEHMOOD,liability_current,False
2.11.01.0017,ZAKAT PAYABLE - MR.HAMID/MUAZ,liability_current,False
2.11.01.0018,ZAKAT PAYABLE - MR.TALLAT MEHMOOD,liability_current,False
2.11.01.0023,ATTENDENCE FINE PAYABLE A/C,liability_current,False
2.11.01.0024,DIRECTOR'S REMUNERATION PAYABLE - MUAAZ,liability_current,False
2.11.01.0025,DIRECTOR'S REMUNERATION PAYABLE - MARIAM TALLAT,liability_current,False
2.11.01.0026,SALARIES PAYABLE - AMNA TARAR,liability_current,False
2.11.01.0028,SALARIES PAYABLE - SAMMIA TALLAT,liability_current,False
2.11.01.0029,SALARIES PAYABLE - MARIAM TALLAT,liability_current,False
2.11.01.0030,SOFTWARE EXPENSES PAYABLE - ASIF CH,liability_current,False
2.11.01.0031,FINAL SETTLEMENT PAYABLE - HEAD OFFICE,liability_current,False
2.11.01.0032,DIRECTOR'S REMUNERATION PAYABLE - HUZAIFA TARIQ,liability_current,False
2.11.02.0003,SUI GAS EXPENSES PAYABLE - SITE,liability_current,False
2.11.02.0004,SALARIES AND WAGES PAYABLE - SITE,liability_current,False
2.11.02.0007,GODOWN EXPENSES PAYABLE - SHABBIR/ABBAS MURIDKAY,liability_current,False
2.11.02.0009,OVERTIME - SITE PAYABLE,liability_current,False
2.11.02.0010,SOCIAL SECURITY PAYABLE - SITE,liability_current,False
2.11.02.0011,FINAL SETTLEMENT PAYABLE - SITE,liability_current,False
2.11.02.0012,E.O.B.I PAYABLE - SITE,liability_current,False
2.11.02.0013,OTHER PAYABLE,liability_current,False
2.11.02.0018,RENT MILL SITE - PAYABLE,liability_current,False
2.11.02.0022,SALARIES AND WAGES - MVS PAYABLE,liability_current,False
2.11.02.0025,SALARIES ANS WAGES PAYABLE - WAQAS/ZULFIQAR,liability_current,False
2.11.02.0028,RENT PAYABLE - REVIVE TEXTILE,liability_current,False
2.11.02.0030,SALARIES AND WAGES PAYABLE - AUTOAIRO,liability_current,False
2.12.01.0001,TAX AT SOURCE - PARTIES,liability_current,False
2.12.02.0001,TAX AT SOURCE PRA - SERVICES,liability_current,False
2.12.08.0001,TAX AT SOURCE - MUAAZ BIN HAMID,liability_current,False
2.12.08.0002,TAX AT SOURCE - HASSAN AWAN,liability_current,False
2.12.08.0003,TAX AT SOURCE - MUHAMMAD USMAN,liability_current,False
2.12.08.0004,TAX AT SOURCE - ALLAH RAKHA,liability_current,False
2.12.08.0005,TAX AT SOURCE - BILAL AHMED,liability_current,False
2.12.08.0006,TAX AT SOURCE - AHMED MAQSOOD,liability_current,False
2.12.08.0008,TAX AT SOURCE - MUHAMMAD SHAHZAIB,liability_current,False
2.12.08.0009,TAX AT SOURCE - MOBEEN AWAN,liability_current,False
2.12.08.0010,TAX AT SOURCE - USAMA SANA,liability_current,False
2.12.08.0011,TAX AT SOURCE - M.ASHRAF - HO,liability_current,False
2.12.08.0014,TAX AT SOURCE - HASSAN JAMAL - HO,liability_current,False
2.12.08.0015,TAX AT SOURCE - AFAQ SAMI - HO,liability_current,False
2.12.08.0016,TAX AT SOURCE - USMAN YOUSAF - HO,liability_current,False
2.12.08.0017,TAX AT SOURCE - AHSEN - HO,liability_current,False
2.12.08.0018,TAX AT SOURCE - HASSAN ZAHEER - HO,liability_current,False
2.12.08.0019,TAX AT SOURCE - M.AZHAR - HO,liability_current,False
2.12.08.0020,TAX AT SOURCE - SHAHEEN PERVEZ - HO,liability_current,False
2.12.08.0021,TAX AT SOURCE - SHAUKAT KHAN - HO,liability_current,False
2.12.08.0022,TAX AT SOURCE - HAMZA SHERAZ - HO,liability_current,False
2.12.08.0023,TAX AT SOURCE - HAMID YASIN - HO,liability_current,False
2.12.08.0024,TAX AT SOURCE - JAWAD KHALID - HO,liability_current,False
2.12.08.0025,TAX AT SOURCE - BAZIL - HO,liability_current,False
2.12.08.0026,TAX AT SOURCE - NISAR AHMED - HO,liability_current,False
2.12.08.0027,TAX AT SOURCE - HASSAN IKHLAQ - HO,liability_current,False
2.12.08.0028,TAX AT SOURCE - JAVED AHMED - HO,liability_current,False
2.12.09.0001,TAX AT SOURCE - SARWAR MM,liability_current,False
2.12.09.0003,TAX AT SOURCE - HAIDRI KHAN,liability_current,False
2.12.09.0010,TAX AT SOURCE - MUHAMMAD ANWAR,liability_current,False
2.12.09.0011,TAX AT SOURCE - MUHAMMAD ZAFAR,liability_current,False
2.12.09.0012,TAX AT SOURCE - HASSAN HASHIM,liability_current,False
2.12.09.0014,TAX AT SOURCE - AB KARIM,liability_current,False
2.12.09.0015,TAX AT SOURCE - WAQAS RIAZ,liability_current,False
2.12.09.0016,TAX AT SOURCE - ZULFIQAR KHAN,liability_current,False
2.12.09.0018,TAX AT SOURCE - MOHSIN SINDHU,liability_current,False
2.12.09.0019,TAX AT SOURCE - M TARIQ YASIN,liability_current,False
2.12.09.0020,TAX AT SOURCE - UMAR HAYAT,liability_current,False
2.12.09.0021,TAX AT SOURCE - KHADIM HUSSAIN,liability_current,False
2.12.09.0027,TAX AT SOURCE - LIAQAT ALI TM,liability_current,False
2.12.09.0030,TAX AT SOURCE - MUHAMMAD KHALID LATIF,liability_current,False
2.12.09.0031,TAX AT SOURCE - SHOUKAT ALI,liability_current,False
2.12.09.0034,TAX AT SOURCE - ABDUL KAREEM SHAMEER,liability_current,False
2.12.09.0035,TAX AT SOURCE - ABDUL REHMAN ABBAS,liability_current,False
2.12.09.0036,TAX AT SOURCE - ASIF ALI MANGAT,liability_current,False
2.12.09.0037,TAX AT SOURCE - RAFAQAT ALI JALAL,liability_current,False
2.12.09.0038,TAX AT SOURCE - DILBAR HUSSAIN MANZOOR,liability_current,False
2.12.09.0039,TAX AT SOURCE - MUKHTAR ALI KHUSHI,liability_current,False
2.12.09.0040,TAX AT SOURCE - KHALID SALEEM AKHTAR,liability_current,False
2.12.09.0041,TAX AT SOURCE - AYOUB WAKEEL,liability_current,False
2.12.09.0042,TAX AT SOURCE - GHAZANFAR ALI BASHARAT,liability_current,False
2.12.09.0043,TAX AT SOURCE - YASIR IQBAL ZAFAR,liability_current,False
2.12.09.0044,TAX AT SOURCE - SAFDAR HUSSAIN SIKANDAR,liability_current,False
2.12.09.0045,TAX AT SOURCE - HASEEB KHAN,liability_current,False
2.13.02.0001,UNBILLED INVOICES (STORES),liability_current,False
2.13.02.0003,UNBILLED INVOICES (COMMISSION),liability_current,False
2.13.03.0001,BRANCH TRANSFER - MATERIAL,liability_current,False
2.14.01.0008,PROVISION FOR TAXATION - 25-26,liability_current,False
3.01.01.0003,PLANT AND MACHINERY,asset_fixed,False
3.01.01.0004,OFFICE EQUIPMENT-HO,asset_fixed,False
3.01.01.0005,FURNITURE AND FIXTURE,asset_fixed,False
3.01.01.0006,OFFICE EQUIPMENT-SITE,asset_fixed,False
3.01.01.0007,ELECTRIC INSTALLATION,asset_fixed,False
3.01.01.0008,VEHICLES - HEAD OFFICE,asset_fixed,False
3.01.01.0012,SOLAR SYSTEM ASSETS A/C - OYLMPIA SITE,asset_fixed,False
3.01.04.0001,STITCHING MACHINES,asset_fixed,False
3.02.01.0001,ACCUMULATED DEPRECIATION - OWN ASSETS,asset_fixed,False
3.03.02.0006,CAPITAL IN PROGRESS - MAIN BUILDING,asset_fixed,False
3.04.01.0003,MELON TRADING L.L.C,asset_non_current,False
3.04.01.0004,REVIVE TEXTILE (PVT) LTD.,asset_non_current,False
3.04.02.0001,ADVANCE AGAINST PROPERTY - LAKE CITY,asset_non_current,False
3.06.01.0001,SECURITY DEPOSIT - MILL,asset_non_current,False
3.06.01.0005,SECURITY DEPOSIT - ELECTRICITY,asset_non_current,False
3.07.01.0001,STORES AND SPARES,asset_current,False
3.07.01.0002,PACKING MATERIAL,asset_current,False
3.08.01.0001,FINISHED GOODS STOCK - YARN,asset_current,False
3.08.01.0002,"FINISHED GOODS STOCK - SOCKS, CLOTH & TOWEL",asset_current,False
3.08.03.0001,RAW MATERIAL STOCK COTTON,asset_current,False
3.08.03.0002,RAW MATERIAL STOCK POLYESTER,asset_current,False
3.08.03.0003,RAW MATERIAL STOCK VISCOSE,asset_current,False
3.08.03.0004,RAW MATERIAL STOCK ACRYLIC,asset_current,False
3.08.03.0005,RAW MATERIAL STOCK MODAL,asset_current,False
3.08.03.0006,RAW MATERIAL STOCK TENCEL,asset_current,False
3.08.03.0007,RAW MATERIAL STOCK SOFT/HARD WASTE,asset_current,False
3.08.03.0009,RAW MATERIAL STOCK RAGS,asset_current,False
3.08.03.0011,RAW MATERIAL STOCK SHREDDED - MARGASA,asset_current,False
3.08.03.0015,RAW MATERIAL STOCK USEABLE PROCESS,asset_current,False
3.08.03.0016,RAW MATERIAL STOCK - LYCRA,asset_current,False
3.08.03.0017,RAW MATERIAL STOCK - PROFIT ADJUSTMENT,asset_current,False
3.08.05.0001,WASTE MATERIAL - CLOSING STOCK,asset_current,False
3.09.01,TRADE DEBTORS - LOCAL SALES (GENERAL),asset_receivable,True
3.09.02,DEBTORS - EXPORT,asset_receivable,True
3.09.03,DEBTORS - WASTE,asset_receivable,True
3.09.04,DEBTORS - RAW MATERIAL,asset_receivable,True
3.09.05,DEBTORS - BAD DEBTS RECOVERABLES,asset_receivable,True
3.09.06,DEBTORS - ROTATION,asset_receivable,True
3.09.07,DEBTORS - OTHERS,asset_receivable,True
3.09.08,DEBTORS - FOREIGN,asset_receivable,True
3.09.09,DEBTORS - EXPORT BUSINESS,asset_receivable,True
3.09.10,DEBTORS - FABRICS VENTURE A/C,asset_receivable,True
3.09.11,DEBTORS - COMBINE FABRICS A/C,asset_receivable,True
3.09.12,DEBTORS - REVIVE BUSINESS - LOCAL,asset_receivable,True
3.09.13,DEBTORS - REVIVE BRAND STITCHED GARMENTS,asset_receivable,True
3.09.14,DEBTORS - REVIVE BRAND STITCHING SERVICES,asset_receivable,True
3.10.01.0003,ADVANCE AGAINST SALARY - EMPLOYEES,asset_current,False
3.10.01.0217,AKHTAR ABBAS S/O HAQ NAWAZ - LOAN SITE,asset_current,False
3.10.01.0218,ABDUL MUNAM KHAN - EXCISE INCHARGE - LOAN SITE,asset_current,False
3.10.01.0225,BASHIR MASIH S/O JAMAL MASIH - LOAN SITE,asset_current,False
3.10.01.0247,IJAZ AHMED S/O MUHAMMAD ALI - LOAN SITE,asset_current,False
3.10.01.0254,NAEEM SHERAZ - LO - LOAN SITE,asset_current,False
3.10.01.0298,GHULAM NAZAK S/O M.RAMZAN - LOAN SITE,asset_current,False
3.10.01.0305,GHULAM YASIN - S/O GUL MUHAMMAD - LOAN SITE,asset_current,False
3.10.01.0334,ASAD ABBAS S/O M NAWAZ - LOAN SITE,asset_current,False
3.10.01.0367,TANVEER IQBAL S/O M.YAR - LOAN SITE,asset_current,False
3.10.01.0371,MUHAMMAD FAROOQ S/O M.KHALID MEHMOOD - LOAN SITE,asset_current,False
3.10.01.0374,MUHAMMAD SHAFIQUE S/O ALI ASGHAR - LOAN SITE,asset_current,False
3.10.01.0418,MUNIR AHMED S/O BASHIR AHMED - LOAN SITE,asset_current,False
3.10.01.0424,MUHAMMAD NADIR S/O FAIZ BUKHSH - LOAN SITE,asset_current,False
3.10.01.0461,QAMAR ABBAS S/O JAFFER ALI - LOAN SITE,asset_current,False
3.10.01.0468,MUNIR AHMED S/O NAZIR AHMED - LOAN SITE,asset_current,False
3.10.01.0470,ABDULLAH ASHRAF S/O M.ASHRAF - LOAN SITE,asset_current,False
3.10.01.0476,MUHAMMAD SHAHZAD S/O KARAM HUSSAIN - LOAN SITE,asset_current,False
3.10.01.0484,ALLAH DITTA S/O AMIN - LOAN SITE,asset_current,False
3.10.01.0509,GHAZANFAR ALI S/O BASHARAT ALI - LOAN SITE,asset_current,False
3.10.01.0510,ZEESHAN ANJUM S/O HAKIM ALI - LOAN SITE,asset_current,False
3.10.01.0516,MAZHAR IQBAL S/O ASGHAR ALI - LOAN SITE,asset_current,False
3.10.01.0527,FAIZAN HAIDER S/O GHULAM YASEEN - LOAN SITE,asset_current,False
3.10.01.0534,ABDULLAH S/O ALI IMRAN - LOAN SITE,asset_current,False
3.10.01.0540,SAJID HAMAYOUN S/O HAMAISH GUL - LOAN SITE,asset_current,False
3.10.01.0541,SIKANDAR ALI S/O M HUSSAIN - LOAN SITE,asset_current,False
3.10.02.0001,MUAAZ BIN HAMID - ADVANCE A/C,asset_current,False
3.10.02.0002,RANA RAFIQUE - ADV.AGAINST SALARY - HO,asset_current,False
3.10.02.0003,MUHAMMAD SHAHZAIB - ADV.AGAINST SALARY - HO,asset_current,False
3.10.02.0004,MUHAMMAD SAEED - ADV.AGAINST SALARY - HO,asset_current,False
3.10.02.0005,HASSAN ZAHEER - ADV.AGAINST SALARY - HO,asset_current,False
3.10.02.0006,MUHAMMAD AHSAN - ADV.AGAINST SALARY - HO,asset_current,False
3.10.02.0007,ALLAH RAKHA QAMAR - ADV.AGAINST SALARY - HO,asset_current,False
3.10.02.0008,HASSAN AWAN - ADV.AGAINST SALARY - HO,asset_current,False
3.10.02.0009,MOBEEN AWAN - ADV.AGAINST SALARY - HO,asset_current,False
3.10.02.0010,MUHAMMAD ARIF - ADV.AGAINST SALARY - HO,asset_current,False
3.10.02.0011,SULTAN ALI - ADV.AGAINST SALARY - HO,asset_current,False
3.10.02.0012,BILAL AHMED - ADV.AGAINST SALARY - HO,asset_current,False
3.10.02.0013,BASHIR - SWEEPER - ADV.AGAINST SALARY - HO,asset_current,False
3.10.02.0014,MUHAMMAD ATTIQUE - ADV.AGAINST SALARY - HO,asset_current,False
3.10.02.0015,USAMA SANA -ADV.AGAINST SALARY - HO,asset_current,False
3.10.02.0017,HASSAN JAMAL-ADV.AGAINST SALARY - HO,asset_current,False
3.10.02.0018,MUHAMMAD UMAR - ADV.AGAINST SALARY - HO,asset_current,False
3.10.02.0019,AHMED MAQSOOD - ADV.AGAINST SALARY - HO,asset_current,False
3.10.02.0020,SAQIB - ADV.AGAINST SALARY - HO,asset_current,False
3.10.02.0021,MUHAMMAD AFZAL - ADV.AGAINST SALARY - HO,asset_current,False
3.10.02.0022,MUHAMMAD USMAN - ADV.AGAINST SALARY - HO,asset_current,False
3.10.02.0023,BILAL ASHRAF - ADV.AGAINST SALARY - HO,asset_current,False
3.10.02.0024,RUMESA - ADV.AGAINST SALARY - HO,asset_current,False
3.10.02.0025,USMAN YOUSAF- ADV.AGAINST SALARY - HO,asset_current,False
3.10.02.0026,AYESHA - ADV.AGAINST SALARY - HO,asset_current,False
3.10.02.0027,HASSAN IKHLAQ - ADV.AGAINST SALARY - HO,asset_current,False
3.10.02.0028,ATEEQ UR REHMAN - ADV.AGAINST SALARY - HO,asset_current,False
3.10.02.0029,GHULAM SHABBIR - ADV.AGAINST SALARY - HO,asset_current,False
3.10.02.0030,UMER HAYAT - GUARD - ADV.AGAINST SALARY - HO,asset_current,False
3.10.02.0031,JAWAD KHALID - ADV.AGAINST SALARY - HO,asset_current,False
3.10.02.0032,MUHAMMAD ASHRAF - ADV.AGAINST SALARY - HO,asset_current,False
3.10.02.0033,MUHAMMAD SALEEM - ADV.AGAINST SALARY - HO,asset_current,False
3.10.02.0034,MUHAMMAD ASIM - ADV.AGAINST SALARY - HO,asset_current,False
3.10.02.0037,MUDASSIR MUFTI - ADV.AGAINST SALARY - HO,asset_current,False
3.10.02.0041,MUHAMMAD UMAR DARAZ- ADV.AGAINST SALARY - HO,asset_current,False
3.10.02.0042,HAMID YASIN-ADV.AGAINST SALARY - HO,asset_current,False
3.10.02.0043,NABEEL AHMED - ADV.AGAINST SALARY - HO,asset_current,False
3.10.02.0045,ASIF KHAN - ADV.AGAINST SALARY - HO,asset_current,False
3.10.02.0050,SAAD SOBAN - ADV.AGAINST SALARY - HO,asset_current,False
3.10.02.0052,FARMAN KHAN - ADV.AGAINST SALARY - HO,asset_current,False
3.10.02.0053,IMRAN DRIVER - ADV.AGAINST SALARY - HO,asset_current,False
3.10.02.0054,KHIZAR - ADV.AGAINST SALARY - HO,asset_current,False
3.10.02.0055,AZHAR - ADV.AGAINST SALARY - HO,asset_current,False
3.10.02.0056,ALAM - ADV.AGAINST SALARY - HO,asset_current,False
3.10.02.0057,SHAUKAT KHAN - ADV.AGAINST SALARY - HO,asset_current,False
3.10.02.0059,NISAR AHMED - ADV.AGAINST SALARY - HO,asset_current,False
3.10.02.0061,SHAHZAD ALI - STITCHER - ADV.AGAINST SALARY - HO,asset_current,False
3.10.02.0062,SHAHBAZ ALI - STITCHER - ADV.AGAINST SALARY - HO,asset_current,False
3.10.02.0063,AMAN ULLAH KHAN - ADV.AGAINST SALARY - HO,asset_current,False
3.10.02.0064,MUHAMMAD NIAZ - STITCHER - ADV.AGAINST SALARY - HO,asset_current,False
3.10.02.0065,KIRAN JAVED - ADV.AGAINST SALARY - HO,asset_current,False
3.10.02.0066,MARYAM AZIZ - ADV.AGAINST SALARY - HO,asset_current,False
3.10.02.0067,SHAHID WASEEM - ADV.AGAINST SALARY - HO,asset_current,False
3.10.02.0068,MUHAMMAD IMRAN - STITCHER - ADV.AGT SALARY - HO,asset_current,False
3.10.02.0069,ZAHID WASEEM - HTL OPT- ADV.AGT SALARY - HO,asset_current,False
3.10.02.0070,ALI HAMZA - QLTY INSPTR - ADV.AGT SALARY - HO,asset_current,False
3.10.02.0071,M.RIZWAN - FLR INCHARGE - ADV.AGT SALARY - HO,asset_current,False
3.10.02.0072,QAISER EJAZ - QUALITY FRMN - ADV.AGT SALARY - HO,asset_current,False
3.10.02.0073,MUHAMMAD HAJI - ADV. AGAINST SALARY-HO,asset_current,False
3.10.02.0074,MUHAMMAD ARIF - ADV. AGT SALARY - HO,asset_current,False
3.10.02.0075,QURBAN ALI - QUALITY ASST - ADV. AGT SALARY - HO,asset_current,False
3.10.02.0076,NASIR - STITCHER -ADV AGT SALARY -HO,asset_current,False
3.10.02.0077,MUNIR AHMED - QLTY AUDITOR - ADV.AGST SALARY - HO,asset_current,False
3.10.03.0004,LOCAL PURCHASE SITE - UNIT 3,asset_current,False
3.10.03.0008,HASSAN IKHLAQ - PURCHASER HO,asset_current,False
3.10.03.0023,ADVANCE AGT EXPENSES - NISAR AHMED - MARKETTING,asset_current,False
3.10.03.0024,ADVANCE AGT EXPENSES - AMAN ULLAH,asset_current,False
3.10.06.0001,PREPAID INSURANCE - L/C,asset_current,False
3.10.06.0003,PREPAID INSURANCE - GROUP INSURANCE,asset_current,False
3.10.06.0004,PREPAID INSURANCE - VEHICLES/BIKES,asset_current,False
3.10.06.0005,PREPAID INSURANCE - STOCKS/WIP/STORES,asset_current,False
3.10.06.0006,PREPAID INSURANCE - CASH/OTHERS,asset_current,False
3.10.07.0044,L/C - HMB - 1714,asset_current,False
3.10.07.0151,L/C - SILK - 18114 - SLUB ATTACHMENT,asset_current,False
3.10.07.0295,L/C - SILK - 18980 - INJECTION SLUB ATTACHMENT,asset_current,False
3.10.07.0324,L/C - SILK - 19120 - INJECTION SLUB KIT,asset_current,False
3.10.07.0339,L/C - SILK - 19252 INJECTION SLUB,asset_current,False
3.10.07.0350,L/C - SILK - 19339 - AIR COMPRESSOR - STC,asset_current,False
3.10.07.0545,L/C - AL HABIB - MESH APPRONS,asset_current,False
3.10.07.0557,L/C - AL HABIB - BLADE TT220,asset_current,False
3.10.07.0680,L/C - SILK - 20883 - VISCOSE,asset_current,False
3.10.07.0683,L/C - POLYACRYL IRAN CORP - ACRYLIC TOW - 1,asset_current,False
3.10.07.0718,L/C - CONTRACT - FAHEEM FARZAN - AFGHNI,asset_current,False
3.10.07.0754,L/C - CONTRACT - NEW ITTEHAD - AFGHNI,asset_current,False
3.10.07.0782,L/C - SILK - 21278/TT - SAVIO PARTS,asset_current,False
3.10.07.0803,L/C - SILK - 6196 - VISCOSE,asset_current,False
3.10.07.0811,L/C - SONERI - 8549135 - POLYESTER,asset_current,False
3.10.07.0812,L/C - SILK - TT - BLADE,asset_current,False
3.10.07.0829,L/C - SONERI - 931000 - VISCOSE,asset_current,False
3.10.07.0832,L/C - BALF - 13761 - POLYESTER,asset_current,False
3.10.07.0833,L/C - BALF - 13760 - POLYESTER,asset_current,False
3.10.07.0834,L/C - BALF - 13914 - POLYESTER,asset_current,False
3.10.07.0842,L/C - BALF - 13597 - COTTON,asset_current,False
3.10.07.0852,L/C - SONERI - 449841 - POLYESTER,asset_current,False
3.10.07.0853,L/C - SONERI - 417689 - POLYESTER,asset_current,False
3.10.07.0855,L/C - MEEZAN - 00267 - VISCOSE,asset_current,False
3.10.07.0861,L/C - MEEZAN - 00402 - VISCOSE,asset_current,False
3.10.07.0864,L/C - BALF - 4201896 - POLYESTER,asset_current,False
3.10.07.0865,L/C - BALF - 4201903 - VISCOSE,asset_current,False
3.10.07.0866,L/C - BALF - 4202586 - POLYESTER,asset_current,False
3.10.07.0868,L/C - BALF - 4203157 - US COTTON,asset_current,False
3.10.07.0871,L/C - MEEZAN - 00596 - VISCOSE,asset_current,False
3.10.07.0873,L/C - MEEZAN - 00860 - VISCOSE,asset_current,False
3.10.07.0874,L/C - MEEZAN - 00943 - VISCOSE,asset_current,False
3.10.07.0875,L/C - BALF - TWIST CAP,asset_current,False
3.10.07.0876,L/C - BALF - 4203859 - POLYESTER,asset_current,False
3.10.07.0877,L/C - BALF - 4203857 - POLYESTER,asset_current,False
3.10.07.0878,L/C - BALF - 4203863 - TENCEL,asset_current,False
3.10.07.0879,L/C - BALF - 4203858 - POLYESTER,asset_current,False
3.10.07.0880,L/C - MEEZAN COLLECTION - HELLITEX,asset_current,False
3.10.07.0881,L/C - BALF - 4204935 - POLYESTER,asset_current,False
3.10.07.0882,L/C - BALF - 4204960 - TENCEL,asset_current,False
3.10.07.0883,L/C - BALF - 4201367 - VISCOSE,asset_current,False
3.10.07.0884,L/C - BALF - CLOTHING RING,asset_current,False
3.10.07.0885,L/C - AFGHANI COTTON - 1,asset_current,False
3.10.07.0886,L/C - AFGHANI COTTON - 2,asset_current,False
3.10.07.0887,L/C - SILK - 21533 - 40/S VISCOSE,asset_current,False
3.10.07.0888,L/C - BALF - 4201350 - VISCOSE,asset_current,False
3.10.07.0889,L/C - BALF - 4201365 - TENCEL,asset_current,False
3.10.07.0890,L/C - BALF - 4201388 - VISCOSE,asset_current,False
3.10.07.0891,L/C - BALF - 4205495 - VISCOSE,asset_current,False
3.10.07.0892,L/C - BALF - 4205724 - ACRYLIC,asset_current,False
3.10.07.0894,L/C - BALF - 4201464 - VISCOSE,asset_current,False
3.10.07.0896,L/C - BALF - 4201470 - VISCOSE,asset_current,False
3.10.07.0897,L/C - BALF - 4201466 - VISCOSE,asset_current,False
3.10.07.0898,L/C - BALF - 4201106 - ROTOR COMPLETE,asset_current,False
3.10.07.0899,L/C - BALF - 4206629 - VISCOSE,asset_current,False
3.10.07.0900,L/C - BALF - 4206635 - VISCOSE,asset_current,False
3.10.07.0901,L/C - BALF - 4206627 - VISCOSE,asset_current,False
3.10.07.0902,L/C - BALF - 4201776 - VISCOSE,asset_current,False
3.10.07.0905,L/C - SILK - 21543 - POLYESTER,asset_current,False
3.10.07.0906,L/C - SILK - 21544 - LYOCELL,asset_current,False
3.10.07.0907,L/C - SILK - 21557 - VISCOSE,asset_current,False
3.10.07.0908,L/C - SILK - 21558 - POLYESTER,asset_current,False
3.10.07.0909,L/C - BALF - 4206933 - POLYESTER,asset_current,False
3.10.07.0910,L/C - BALF - 4206608 - POLYESTER,asset_current,False
3.10.07.0911,L/C - BALF - 4206609 - POLYESTER,asset_current,False
3.10.07.0912,L/C - BALF - 4207656 - VISCOSE,asset_current,False
3.10.07.0921,L/C - BALF - 4210584 - VISCOSE,asset_current,False
3.10.07.0922,L/C - BALF - 4211225 - POLYESTER,asset_current,False
3.10.07.0926,L/C - BALF - 4212087 - POLYESTER,asset_current,False
3.10.07.0927,L/C - BALF - 4212088 - POLYESTER,asset_current,False
3.10.07.0930,L/C - BALF - ROTOR COMPLETE,asset_current,False
3.10.07.0940,L/C - BALF - 4200613 - VISCOSE,asset_current,False
3.10.07.0942,L/C - BALF - 4200598 -,asset_current,False
3.10.07.0943,L/C - BALF - 4200599 -,asset_current,False
3.10.07.0944,L/C - BALF - 4200703 - LYOCELL/VISCOSE,asset_current,False
3.10.07.0946,L/C - BALF - 4200808 - VISCOSE,asset_current,False
3.10.07.0947,L/C - BALF - 4200873 -,asset_current,False
3.10.07.0948,L/C - BALF - 4200874 - VISCOSE,asset_current,False
3.10.07.0949,L/C - BALF - 4200875 -,asset_current,False
3.10.07.0950,L/C - BALF - 4200876 -,asset_current,False
3.10.07.0954,L/C - BALF - 4203431 - LYOCELL,asset_current,False
3.10.07.0955,L/C - BALF - 4203433 - LYOCELL,asset_current,False
3.10.07.0956,L/C - BALF - 4201172 - VISCOSE,asset_current,False
3.10.07.0957,L/C - BALF - 4201152 - LYOCELL/ACYRLIC,asset_current,False
3.10.07.0958,L/C - BALF - 4201298 - LYOCELL,asset_current,False
3.10.07.0959,L/C - BALF - 4201253 - VISCOSE,asset_current,False
3.10.07.0962,L/C - BALF - 42001671 - VISCOSE,asset_current,False
3.10.07.0963,L/C - BALF - 42001673 -,asset_current,False
3.10.07.0964,L/C - BALF - 42005517 - POLYESTER,asset_current,False
3.10.07.0965,L/C - BALF - SUEDING MACHINE -,asset_current,False
3.10.07.0967,L/C - BALF - COLLECTION - FLEX/TOW,asset_current,False
3.10.07.0968,L/C - BALF - 4202195 -,asset_current,False
3.10.07.0969,L/C - BALF - 4202196 -,asset_current,False
3.10.07.0970,L/C - BALF - 4202197 -,asset_current,False
3.10.07.0971,L/C - BALF - 4201995 -,asset_current,False
3.10.07.0972,L/C - BALF - 4201997 -,asset_current,False
3.10.07.0973,L/C - BALF - 4201999 -,asset_current,False
3.10.07.0974,L/C - BALF - 4202001 -,asset_current,False
3.10.07.0975,L/C - BALF - 4202016 -,asset_current,False
3.10.07.0976,L/C - BALF - 4202038 -,asset_current,False
3.10.07.0977,L/C - BALF - 4202039 -,asset_current,False
3.10.08.0002,CLAIM RECEIVABLE - COTTON,asset_current,False
3.10.08.0009,WEIGHT SHORT RECEIVABLE - MATERIAL,asset_current,False
3.10.09.0003,BRANCH BALANCE TRANSFER ACCOUNT,asset_current,False
3.10.09.0004,KHALID-SUPERIOR TEXTILE,asset_current,False
3.10.09.0006,ADVANCE AGAINST IRON COTS - WORKERS,asset_current,False
3.10.09.0009,RECOVERABLE LEASE - HAIDRI,asset_current,False
3.10.09.0010,OLYMPIA TEXTILE MILLS LTD - OTHERS,asset_current,False
3.10.09.0014,STORE DUMMY ADJUSTMENT ACCOUNT,asset_current,False
3.10.09.0020,ADVANCE QURBANI EXPENSES,asset_current,False
3.10.09.0021,ADVANCE AGAINST FAN,asset_current,False
3.10.09.0022,NAEEM BUTT - RECEIVABLE A/C,asset_current,False
3.10.09.0029,EBIZ - CHAUDHRY ASIF,asset_current,False
3.10.09.0033,US $ INVESTMENT ACCOUNT,asset_current,False
3.10.09.0036,HIRA TEXTILE MILLS LTD - MACHINERY FUND TRF A/C,asset_current,False
3.10.09.0043,TOWEL VENTURE ACCOUNT,asset_current,False
3.10.09.0046,ABDUL REHMAN KHAN - CLOTHES,asset_current,False
3.10.09.0048,COMBINE IMPEX,asset_current,False
3.10.09.0057,NAEEM BUTT - MILK RECEIVABLE A/C,asset_current,False
3.10.09.0058,USMAN ELAHI TRADERS - TAX CHALLANS,asset_current,False
3.10.09.0059,ADVANCE WPPF FUND - HO EMPLOYEES,asset_current,False
3.10.09.0064,ZULFIQAR TRANSANCTION A/C,asset_current,False
3.10.09.0065,FABRIC/IRFAN VENTURE A/C,asset_current,False
3.10.09.0066,FAISAL SAEED - RECOVERABLE A/C,asset_current,False
3.10.09.0067,USMAN ELAHI TRADERS - SALES TAX,asset_current,False
3.10.09.0068,RECONCILIATION DIFF - ZULFIQAR,asset_current,False
3.10.09.0079,M N A H TEXTILE - INV,asset_current,False
3.10.09.0080,TAJ MUHAMMAD WEAVING FACTORY - INV,asset_current,False
3.10.09.0081,HAMID WEAVING FACTORY - INV,asset_current,False
3.10.09.0083,COMBINE TEXTILE (PVT) LTD.,asset_current,False
3.10.09.0086,SNGPL,asset_current,False
3.10.10.0002,ADVANCE AGAINST VEHICLE - USAMA,asset_current,False
3.10.10.0003,ADVANCE AGAINST VEHICLE - MOBEEN,asset_current,False
3.11.01.0001,ADVANCE I.TAX ON CASH WITHDRAWLS - MEEZAN,asset_current,False
3.11.02.0001,ADVANCE INCOME TAX AGAINST IMPORT - L/CS,asset_current,False
3.11.02.0002,ADVANCE INCOME TAX - IMPORT/CONTRACT,asset_current,False
3.11.03.0001,ADVANCE INCOME TAX AGAINST LOCAL SUPPLIES,asset_current,False
3.11.04.0001,ADVANCE TAX ON VEHICLE TOKEN,asset_current,False
3.11.04.0002,ADVANCE TAX ON TELEPHONE BILLS,asset_current,False
3.11.04.0003,ADVANCE TAX ON ELECTRICITY,asset_current,False
3.11.04.0004,DEFERRED ADVANCE TAX ON ELECTRICITY,asset_current,False
3.11.04.0005,ADVANCE TAX ON VEHICLE PURCHASE,asset_current,False
3.11.04.0007,ADVANCE TAX ON PLS INCOME A/C,asset_current,False
3.11.05.0001,SALES TAX REFUNDABLE - INPUT,asset_current,False
3.11.05.0002,SALES TAX PAYABLE - OUTPUT,asset_current,False
3.11.05.0003,SALES TAX PAYABLE - OUTPUT INV,asset_current,False
3.11.05.0004,SALES TAX REFUNDABLE - INPUT INV,asset_current,False
3.11.05.0005,SALES TAX PAID WITH RETURN,asset_current,False
3.11.05.0008,SALES TAX REFUNDABLE - IMPORT,asset_current,False
3.11.05.0009,SALES TAX REFUNDABLE - ELECTRICITY,asset_current,False
3.11.05.0010,SALES TAX REFUNDABLE - SUI GAS,asset_current,False
3.11.05.0011,SALES TAX WITHHELD - COTTON PARTIES,asset_current,False
3.11.05.0013,SALES TAX REFUNDABLE - DEFERRED ELECTRICITY EXP,asset_current,False
3.11.05.0020,SALES TAX REFUNDABLE - FESCO/LESCO COLONY,asset_current,False
3.11.06.0008,ADVANCE INCOME TAX - 2025-26,asset_current,False
3.11.06.0009,ADVANCE INCOME TAX - 2026-27,asset_current,False
3.12.01.0001,REVIVE BRAND JOINT EXPENSES A/C,asset_current,False
3.12.01.0002,SOCKS DIVISION - RETAIL A/C,asset_current,False
3.12.01.0003,BED SHEET DIVISION - RETAIL A/C,asset_current,False
3.12.01.0004,TOWEL DIVISION - RETAIL A/C,asset_current,False
3.12.01.0005,LADIES SUITING DIVISION - RETAIL A/C,asset_current,False
3.12.01.0008,GARMENTS DIVISION - RETAIL A/C,asset_current,False
3.12.01.0009,LADIES SUITING DIVISION - LOT # 2 - RETAIL A/C,asset_current,False
3.12.01.0010,LADIES SUITING DIVISION - LOT # 3 - RETAIL A/C,asset_current,False
3.12.01.0011,LADIES SUITING DIVISION - LOT # 4 - RETAIL A/C,asset_current,False
3.12.01.0012,GARMENT SHOP - SABZAZAR MODEL BAZAR,asset_current,False
3.12.01.0013,GARMENTS STITCHED VENTURE A/C,asset_current,False
3.12.01.0014,GENTS SUITING DIVISION - RETAIL A/C,asset_current,False
3.12.01.0015,STITCHING ACESSORIES CONSUMED,asset_current,False
3.12.01.0016,LADIES SUITING DIVISION - LOT # 5 - SAREENA,asset_current,False
3.12.01.0017,LADIES SUITING DIVISION - LOT # 6 - MIRZA SAIF,asset_current,False
3.12.02.0003,CSPL FABRIC JOINT VENTURE A/C,asset_current,False
3.12.02.0006,FABRIC VENTURE RETAIL A/C,asset_current,False
3.12.02.0007,MUAAZ TRADING BUSINESS A/C,asset_current,False
3.13.01.0001,GST SAVING,asset_current,False
3.14.01.0001,CASH IN HAND - HEAD OFFICE,asset_cash,False
3.14.01.0002,CASH IN HAND (SITE),asset_cash,False
3.14.02.0001,BANK ALFALAH LTD 0137-001002768458,asset_cash,False
3.14.02.0002,SONERI BANK LIMITED-LIBERTY,asset_cash,False
3.14.02.0003,HABIB METRO POLITAN BANK 0296-20311-104814,asset_cash,False
3.14.02.0004,SILK BANK 0003-2000487018,asset_cash,False
3.14.02.0005,UNITED BANK 010-3060-0,asset_cash,False
3.14.02.0006,BANK OF PUNJAB - SUNDAR - 6020,asset_cash,False
3.14.02.0007,MEEZAN BANK 0204-0100906298,asset_cash,False
3.14.02.0008,MEEZAN BANK (BUSINESS PLUS A/C) 0102-434608,asset_cash,False
3.14.02.0009,HBL A/C #50097901018955,asset_cash,False
3.14.02.0010,BANK AL HABIB 0081-062253-01,asset_cash,False
3.14.02.0011,BANK CLEARING ACCOUNT,asset_cash,False
3.14.02.0012,AFAQ SAMI ACCOUNT,asset_cash,False
3.14.02.0013,COMBINE TRADING HMB A/C 101814,asset_cash,False
3.14.02.0015,THE BANK OF KHYBER,asset_cash,False
3.14.02.0016,BANK ALFALAH LTD - SHAHDMAN BRANCH,asset_cash,False
3.14.02.0017,BANK ALFALAH LTD(NEW) - 0042-1006969926,asset_cash,False
3.14.02.0018,FAYSAL BANK LTD. 3006301000002750,asset_cash,False
3.14.02.0019,MEEZAN BANK 0402-0104697822 KOTWALI FSD,asset_cash,False
3.14.02.0020,CASH POST DATED PAYMENT A/C,asset_cash,False
3.14.02.0022,BANK AL HABIB 0338098100071901,asset_cash,False
3.14.02.0023,HBL A/C - JTOWN #0022167901942603,asset_cash,False
3.14.02.0025,BANK OF PUNJAB 5010 0341 5820 0018,asset_cash,False
3.14.02.0026,MBM TRADING - BANK A/C,asset_cash,False
3.14.02.0027,CMU TRADING - BANK A/C,asset_cash,False
3.14.02.0028,UNITED BANK LTD.002-2000487018 - EX SILK BANK,asset_cash,False
3.14.03.0001,MCB A/C #0882401691003312,asset_cash,False
3.14.03.0002,BANK AL HABIB LTD. FERZ WAT. PK12BAHL0091098102174701,asset_cash,False
3.14.04.0002,MEEZAN BANK LTD. 0105317938 - REVIVE TEXTILE,asset_cash,False
4.01.01.0001,LOCAL SALES - YARN,income,False
4.01.01.0002,LOCAL SALES - RAW MATERIAL,income,False
4.01.01.0003,LOCAL SALES - ADJUSTMENTS,income,False
4.01.01.0004,LOCAL SALES - WASTE,income,False
4.01.01.0007,LOCAL SALES - LADIES STITCHED GARMENTS,income,False
4.01.01.0008,"LOCAL SALES - SOCKS, CLOTH & TOWEL",income,False
4.03.01.0001,SALES RETURN - LOCAL YARN,income,False
4.03.01.0002,SALES RETURN - RAW MATERIAL,income,False
4.03.02.0001,WEIGHT SHORTAGE-YARN,income,False
5.01.01.0002,RAW MATERIAL CONSUMED - COTTON,expense_direct_cost,False
5.01.01.0003,RAW MATERIAL CONSUMED - POLYESTER,expense_direct_cost,False
5.01.01.0004,RAW MATERIAL CONSUMED - VISCOSE,expense_direct_cost,False
5.01.01.0005,RAW MATERIAL CONSUMED - ACRYLIC,expense_direct_cost,False
5.01.01.0007,RAW MATERIAL CONSUMED - TENCEL,expense_direct_cost,False
5.01.01.0008,RAW MATERIAL CONSUMED - SOFT/HARD WASTE,expense_direct_cost,False
5.01.01.0009,RAW MATERIAL CONSUMED - WEB,expense_direct_cost,False
5.01.01.0011,RAW MATERIAL CONSUMED - SHREDDED,expense_direct_cost,False
5.01.01.0015,RAW MATERIAL CONSUMED - USABLE PROCESS,expense_direct_cost,False
5.01.01.0017,RAW MATERIAL CONSUMED - EXCESS/SHORT ADJUSTMENT,expense_direct_cost,False
5.01.01.0099,RAW MATERIAL CONSUMED - LYCRA,expense_direct_cost,False
5.01.02.0001,COMMISSION ON RAW MATERIAL PURCHASED,expense_direct_cost,False
5.01.02.0004,DISCOUNT ON RAW MATERIAL PURCHASED,expense_direct_cost,False
5.01.03.0002,CONVERSION CHARGES,expense_direct_cost,False
5.01.03.0003,DOUBLING CHARGES,expense_direct_cost,False
5.01.05.0001,FINISHED GOODS CONSUMED,expense_direct_cost,False
5.01.11.0001,40/S MVS - IMPORTED,expense_direct_cost,False
5.02.01.0001,SALARIES AND WAGES - SITE,expense_direct_cost,False
5.02.01.0002,OVERTIME - SITE,expense_direct_cost,False
5.02.01.0003,SOCIAL SECURITY - SITE,expense_direct_cost,False
5.02.01.0004,E.O.B.I - SITE,expense_direct_cost,False
5.02.01.0005,WORKER WELFARE EXPENSES - SITE,expense_direct_cost,False
5.02.01.0006,DAILY WAGES - SITE,expense_direct_cost,False
5.02.01.0007,EXTRA DUTY ALLOWANCE,expense_direct_cost,False
5.02.01.0008,CANTEEN SUBSIDY,expense_direct_cost,False
5.02.01.0010,MEDICAL EXPENSES - SITE,expense_direct_cost,False
5.02.01.0011,EFFICIENCY REWARD - SITE,expense_direct_cost,False
5.02.01.0012,FINAL SETTLEMENT - SITE,expense_direct_cost,False
5.02.01.0013,MESS SUBSIDY,expense_direct_cost,False
5.02.01.0018,SALARIES AND WAGES - MVS,expense_direct_cost,False
5.02.01.0020,OVERTIME - SITE - GHAZETED HOLIDAYS,expense_direct_cost,False
5.02.01.0023,SALARIES ANS WAGES - WAQAS/ZULFIQAR,expense_direct_cost,False
5.02.01.0026,SALARIES AND WAGES - AUTOAIRO,expense_direct_cost,False
5.03.01.0001,STORE CONSUMED,expense_direct_cost,False
5.04.01.0001,PACKING MATERIAL CONSUMED,expense_direct_cost,False
5.05.01.0001,REPAIR AND MAINTENANCE - PLANT AND MACHINERY,expense_direct_cost,False
5.05.01.0002,REPAIR AND MAINTENANCE - BUILDING,expense_direct_cost,False
5.05.01.0003,REPAIR AND MAINTENANCE - SITE GENERAL,expense_direct_cost,False
5.05.01.0005,REPAIR AND MAINTENANCE - REPAIR OTHERS,expense_direct_cost,False
5.05.01.0007,MVS MACHINE RELATED EXPENSES,expense_direct_cost,False
5.05.01.0008,MACHINE RELATED EXPENSES - AUTOAIRO,expense_direct_cost,False
5.06.01.0002,INTERNET EXPENSES - SITE,expense_direct_cost,False
5.06.01.0003,MOBILE EXPENSES - SITE OTHERS,expense_direct_cost,False
5.06.02.0001,TELEPHONE EXPENSES - SITE,expense_direct_cost,False
5.07.01.0001,MIXING /PRESSING CONTRACTUAL EXPENSES,expense_direct_cost,False
5.07.01.0002,YARN PACKING CONTRACTUAL EXPENSES,expense_direct_cost,False
5.07.01.0004,LOADING/UNLOADING CONTRACTUAL EXPENSES,expense_direct_cost,False
5.08.01.0001,FREIGHT - COTTON,expense_direct_cost,False
5.08.01.0003,FREIGHT - VISCOSE,expense_direct_cost,False
5.08.01.0004,FREIGHT - ACRYLIC,expense_direct_cost,False
5.08.01.0005,FREIGHT - POLYESTER,expense_direct_cost,False
5.08.01.0006,FREIGHT - SHUDDY,expense_direct_cost,False
5.08.01.0007,FREIGHT - OTHERS,expense_direct_cost,False
5.08.01.0008,FREIGHT - TENCEL,expense_direct_cost,False
5.08.01.0009,FREIGHT - HARDWASTE,expense_direct_cost,False
5.08.02.0001,FREIGHT - STORES,expense_direct_cost,False
5.09.01.0001,POWER EXPENSES - LESCO,expense_direct_cost,False
5.09.01.0002,SUI GAS EXPENSES - SITE,expense_direct_cost,False
5.09.01.0004,ELECTRICITY EXPENSES - SITE,expense_direct_cost,False
5.09.01.0006,WATER EXPENSES - SITE,expense_direct_cost,False
5.10.01.0003,VEHICLE RUNNING EXPENSES - LIFTER,expense_direct_cost,False
5.10.01.0004,VEHICLE RUNNING EXPENSES - OTHERS,expense_direct_cost,False
5.10.01.0005,VEHICLE RUNNING EXPENSES - ADMIN SITE,expense_direct_cost,False
5.11.01.0001,TRAVELLING AND CONVEYANCE - SITE,expense_direct_cost,False
5.12.01.0001,RENT - SITE,expense_direct_cost,False
5.12.01.0002,PROFESSIONAL TAX,expense_direct_cost,False
5.13.01.0001,FEE AND SUBSCRIPTION - SITE,expense_direct_cost,False
5.13.02.0001,COTTON CESS,expense_direct_cost,False
5.14.01.0001,MISCELLANEOUS EXPENSES - SITE,expense_direct_cost,False
5.14.01.0002,SPEED MONEY - SITE,expense_direct_cost,False
5.14.01.0003,NEWSPAPER AND PERIODICALS,expense_direct_cost,False
5.14.01.0004,COURIER CHARGES - SITE,expense_direct_cost,False
5.14.01.0005,GENERAL EXPENSES - MILL,expense_direct_cost,False
5.14.01.0008,CASH TRANSIT EXPENSES - SITE,expense_direct_cost,False
5.14.01.0009,CROCKERY EXPENSES - SITE,expense_direct_cost,False
5.14.01.0012,INSURANCE EXPENSES - SITE,expense_direct_cost,False
5.14.01.0013,DEPRECIATION,expense_direct_cost,False
5.15.01.0001,ENTERTAINMENT EXPENSES - SITE STAFF,expense_direct_cost,False
5.15.01.0002,ENTERTAINMENT EXPENSES - SITE GUESTS,expense_direct_cost,False
5.15.01.0003,ANIMAL EXPENSES - SITE,expense_direct_cost,False
5.15.01.0004,FREE MEAL EXPENSES - SITE,expense_direct_cost,False
5.15.01.0006,ENTERTAINMENT EXPENSES - SITE DIRECTORS,expense_direct_cost,False
5.16.01.0001,PRINTING AND STATIONERY-SITE,expense_direct_cost,False
5.17.01.0005,FREIGHT,expense_direct_cost,False
5.17.01.0006,MISC EXPENSES,expense_direct_cost,False
5.17.01.0010,COURIER EXPENSES,expense_direct_cost,False
5.18.01.0001,WORK IN PROCESS - OPENING - COS,expense_direct_cost,False
5.18.02.0001,FINISHED GOODS - YARN - OPENING - COS,expense_direct_cost,False
5.18.02.0002,FINISHED GOODS - YARN - COST OF SALES,expense_direct_cost,False
5.18.03.0001,"FINISHED GOODS - SOCKS, CLOTH & TOWEL - COST OF SALES",expense_direct_cost,False
6.01.01.0001,DIRECTOR'S REMUNERATION - TALLAT MEHMOOD,expense,False
6.01.01.0002,DIRECTOR'S REMUNERATION - HAMID NAZIR,expense,False
6.01.01.0003,DIRECTOR'S INCOME TAX,expense,False
6.01.01.0005,DIRECTOR'S REMUNERATION - MUAAZ BIN HAMID,expense,False
6.01.01.0008,DIRECTOR'S REMUNERATION - HUZAIFA TARIQ,expense,False
6.01.02.0001,SALARIES - HO,expense,False
6.01.02.0002,OVERTIME - HO,expense,False
6.01.02.0005,MEDICAL EXPENSES - HO,expense,False
6.01.02.0006,STIPEND -HO,expense,False
6.01.02.0007,WELFARE EXPENSES - HO,expense,False
6.01.02.0008,E.O.B.I EXP - HO,expense,False
6.01.02.0009,SOCIAL SECURITY - HO,expense,False
6.01.02.0010,EARNED LEAVE - HO,expense,False
6.01.03.0001,ELECTRICITY EXPENSES,expense,False
6.01.03.0002,WATER EXPENSES,expense,False
6.01.03.0003,SUI GAS EXPENSES,expense,False
6.01.04.0001,ENTERTAINMENT - DIRECTORS,expense,False
6.01.04.0002,ENTERTAINMENT - GUESTS,expense,False
6.01.04.0003,ENTERTAINMENT - STAFF,expense,False
6.01.04.0004,MESS EXPENSES,expense,False
6.01.05.0001,TELEPHONE CHARGES - 35913181,expense,False
6.01.05.0002,TELEPHONE CHARGES - 35913182,expense,False
6.01.05.0003,TELEPHONE CHARGES - 35913183,expense,False
6.01.05.0004,TELEPHONE CHARGES - 35913184,expense,False
6.01.05.0005,TELEPHONE CHARGES - 35913185,expense,False
6.01.05.0006,TELEPHONE CHARGES - 35831663,expense,False
6.01.05.0007,TELEPHONE CHARGES - 35913187,expense,False
6.01.05.0008,TELEPHONE CHARGES - 35913186,expense,False
6.01.05.0011,MOBILE EXPENSES - MUAZ BIN HAMID,expense,False
6.01.05.0012,MOBILE EXPENSES - TALLAT MEHMOOD,expense,False
6.01.05.0013,MOBILE EXPENSES - HAMID NAZIR,expense,False
6.01.05.0014,MOBILE EXPENSES - OTHERS,expense,False
6.01.05.0017,TELEPHONE CHARGES - 35913190,expense,False
6.01.05.0021,TELEPHONE CHARGES - 37882083,expense,False
6.01.05.0022,MOBILE EXPENSES - MARIAM TALLAT,expense,False
6.01.05.0023,MOBILE EXPENSES - NISAR AHMED,expense,False
6.01.06.0001,VEHICLE RUNNING EXP - USAMA BIKE,expense,False
6.01.06.0002,VEHICLE RUNNING EXP - AHSEN BIKE,expense,False
6.01.06.0003,VEHICLE RUNNING EXP - HASSAN ZAHEER,expense,False
6.01.06.0004,VEHICLE RUNNING EXP - MOBEEN,expense,False
6.01.06.0006,VEHICLE RUNNING EXP - OTHERS,expense,False
6.01.06.0007,VEHICLE RUNNING EXP - HAMID YASEEN,expense,False
6.01.06.0009,VEHICLE RUNNING EXP - AHMED MAQSOOD,expense,False
6.01.06.0010,VEHICLE RUNNING EXP - HASSAN IKHLAQ,expense,False
6.01.07.0001,VEHICLE MAINTENANCE EXP - USAMA - 5245,expense,False
6.01.07.0002,VEHICLE MAINTENANCE EXP - AHSEN BIKE,expense,False
6.01.07.0003,VEHICLE MAINTENANCE EXP - HASSAN ZAHEER BIKE,expense,False
6.01.07.0004,VEHICLE MAINTENANCE EXP - MOBEEN BIKE,expense,False
6.01.07.0006,VEHICLE MAINTENANCE EXP - OTHERS,expense,False
6.01.07.0007,VEHICLE MAINTENANCE EXP - ATTIQUE,expense,False
6.01.07.0009,VEHICLE MAINTENANCE EXP - HAMID,expense,False
6.01.07.0011,VEHICLE MAINTENANCE EXP - USMAN YOUSAF,expense,False
6.01.07.0013,VEHICLE MAINTENANCE EXP - HASSAN JAMAL,expense,False
6.01.08.0001,VEHICLE MAINTENANCE EXP - MUAAZ (9339),expense,False
6.01.08.0002,VEHICLE MAINTENANCE EXP - TALLAT MEHMOOD(LEXUS),expense,False
6.01.08.0004,VEHICLE MAINTENANCE EXP - NISAR,expense,False
6.01.08.0005,VEHICLE MAINTENANCE EXP - USMAN,expense,False
6.01.08.0006,VEHICLE MAINTENANCE EXP - AHMED,expense,False
6.01.09.0001,VEHICLE RUNNING EXP - TALLAT MEHMOOD(LEXUS),expense,False
6.01.09.0002,VEHICLE RUNNING EXP - MUAAZ(9339),expense,False
6.01.09.0003,VEHICLE RUNNING EXP - HASSAN AWAN,expense,False
6.01.09.0004,VEHICLE RUNNING EXP - NISAR,expense,False
6.01.09.0005,VEHICLE RUNNING EXP - HAMID NAZIR,expense,False
6.01.09.0006,VEHICLE RUNNING EXP - MARIAM TALLAT,expense,False
6.01.09.0007,VEHICLE RUNNING EXP - HUZAIFA TARIQ,expense,False
6.01.10.0001,RENT - HEAD OFFICE,expense,False
6.01.10.0002,TAXES,expense,False
6.01.11.0001,FEE AND SUBSCRIPTION,expense,False
6.01.11.0002,CONSULTANCY CHARGES - CERTIFICATIONS,expense,False
6.01.12.0001,LEGAL AND PROFESSIONAL EXPENSES,expense,False
6.01.14.0001,CHARITY AND DONATION EXPENSES,expense,False
6.01.14.0002,ZAKAT EXPENSES,expense,False
6.01.15.0001,REPAIR AND MAINTENANCE - COMPUTER HO,expense,False
6.01.15.0002,REPAIR AND MAINTENANCE - OFFICE HO,expense,False
6.01.16.0001,SOFTWARE EXPENSES,expense,False
6.01.16.0002,INTERNET EXPENSES - HO,expense,False
6.01.16.0003,WEBSITE EXPENSES,expense,False
6.01.17.0001,KITCHEN EXPENSES,expense,False
6.01.17.0002,OFFICE EXPENSES,expense,False
6.01.17.0004,SPEED MONEY - HO,expense,False
6.01.17.0005,GARDENING EXPENSES,expense,False
6.01.17.0006,MISCELLANEOUS EXPENSES,expense,False
6.01.17.0008,INSURANCE EXPENSES - HO,expense,False
6.01.17.0010,SPORTS EXPENSES,expense,False
6.01.17.0011,NEW OFFICE EXPENSES - HEAD OFFICE,expense,False
6.01.17.0014,CERTIFICATION FEE,expense,False
6.01.17.0015,SOLAR SYSTEM EXPENSES,expense,False
6.01.18.0001,COURIER EXPENSES - HO,expense,False
6.01.19.0001,TRAVELLING AND CONVEYANCE - HO,expense,False
6.01.19.0002,TRAVELLING AND CONVEYANCE - DIRECTORS,expense,False
6.01.20.0001,PRINTING AND STATIONERY EXPENSES,expense,False
6.02.01.0002,RENT - RESIDENCE KARACHI,expense,False
6.02.02.0001,FREIGHT ON LOCAL YARN,expense,False
6.02.02.0002,FREIGHT ON YARN RETURNED,expense,False
6.02.02.0003,COURIER CHARGES - MARKETTING,expense,False
6.02.02.0006,STORAGE EXPENSES - YARN,expense,False
6.02.03.0001,TRAVELLING AND CONVEYANCE - MARKETTING,expense,False
6.02.04.0001,ENTERTAINMENT EXPENSES - MARKETTING,expense,False
6.02.05.0001,COMMISSION ON YARN SALES,expense,False
6.02.05.0002,COMMISSION ON RAW MATERIAL SALES,expense,False
6.02.06.0001,QUALITY CLAIMS,expense,False
6.02.06.0002,SALES PROMOTION ACCOUNT,expense,False
6.02.06.0003,SAMPLE CHARGES,expense,False
6.02.07.0003,ELECTRICITY EXPENSES - KARACHI OFC,expense,False
6.03.01.0001,PROFIT ON INVESTMENT,expense,False
6.03.01.0002,PROFIT ON INVESTMENT - HAMID NAZIR,expense,False
6.03.01.0003,PROFIT ON INVESTMENT - TALLAT MEHMOOD,expense,False
6.03.01.0005,SOLAR INVESTMENT COST - MUAAZ BIN HAMID,expense,False
6.03.01.0006,SOLAR INVESTMENT COST - TARIQ MEHMOOD,expense,False
6.03.01.0007,SOLAR INVESTMENT COST - COMBINE,expense,False
6.03.01.0008,SOLAR INVESTMENT COST - HAMID NAZIR,expense,False
6.03.01.0009,SOLAR INVESTMENT COST - SHEIKH GHAZANFAR,expense,False
6.03.01.0010,SOLAR INVESTMENT COST - SHEIKH MASOOD,expense,False
7.01.01.0001,PROFIT ON PLS A/C - BANKS,income_other,False
7.02.01.0001,OTHER INCOME,income_other,False
7.02.01.0002,OTHER INCOME - ST SAVING PURCHASE,income_other,False
7.02.01.0005,OTHER INCOME - ST SAVING SALES,income_other,False
7.02.01.0006,WRITTEN OFF BALANCES,income_other,False
7.02.01.0007,SCRAP SALE,income_other,False
7.02.01.0012,OTHER INCOME/EXPENSE - TC,income_other,False
7.02.01.0013,OTHER INCOME/LOSS - MVS,income_other,False
7.02.01.0014,OTHER INCOME - SALES TAX ADJUSTMENT,income_other,False
7.02.01.0017,OTHER INCOME - BUSINESS MANAGEMENT,income_other,False
7.02.01.0018,OTHER INCOME - SOLAR,income_other,False
8.04.01.0001,BANK CHARGES,expense,False
