name,receivable_account_code
AIMS HOSIERY,3.09.01
AYESHA SPINNING MILLS LTD.,3.09.01
HOU-LIN INTERANATIONAL,3.09.01
AL-MIRAJ IMPEX,3.09.01
BUTT SILK MILLS (PVT) LTD,3.09.01
SHEIKH AMIR,3.09.01
INTERNATIONAL TEXTILE KARACHI.,3.09.01
RANA TEX,3.09.01
VINCO TEXITLE,3.09.01
AMIL EXPORTS (PVT) LTD,3.09.01
CHAUDHRY ENTERPRISES,3.09.01
MI SPORTS,3.09.01
MOHSIN RAFIQUE,3.09.01
TAUSEEF ENTERPRISES,3.09.01
GHULAM MUSTAFA,3.09.01
SUPER FINE INDUSTRIES,3.09.01
GULZAR KNITTING,3.09.01
INTERLOOP LTD,3.09.01
TAUQEER HASSAN,3.09.01
APPAREL HUB,3.09.01
OLYMPIC SOCKS,3.09.01
HMF ENTERPRISES,3.09.01
COTTON CLUB INTERNATIONAL,3.09.01
PACIFIC TEXTILE,3.09.01
TECH GEAR TRADING CO,3.09.01
SAKARIA KNITTING,3.09.01
SOCKS & SOCKS,3.09.01
AJWA TEXTILE,3.09.01
PAIRS (PVT) LTD,3.09.01
MGM CORPORATION,3.09.01
AZIZ TEXTILE,3.09.01
CRESCENT COTTON MILLS,3.09.01
THREE STAR HOSIERY MILLS (PVT) LTD,3.09.01
EHSAN COTTON PRODUCTS,3.09.01
IQ KNITWEAR,3.09.01
STITCHES (PVT) LTD,3.09.01
TEXTILE FORT (PVT) LTD,3.09.01
AL-GHANI INTERNATIONAL,3.09.01
A.K. TAJ INTERNATIONAL,3.09.01
NAWAB SPINNING,3.09.01
IHSAN SONS (PVT) LTD,3.09.01
EXPORIENT KNITTERS (PVT) LTD.,3.09.01
NABEEL ENTERPRISES,3.09.01
KEYSTONE ENTERPRISES (PVT) LTD,3.09.01
GOLDEN LOOPS,3.09.01
PAK SAFETY,3.09.01
HUSSAIN HOSIERY,3.09.01
M AMIN,3.09.01
HAFIZA TRADERS,3.09.01
WASAL KAMAL FABRICS,3.09.01
ABDULLAH YARN TRADER,3.09.01
SHABIR HOSIERY - UNREG,3.09.01
R.A KNITTING,3.09.01
IDEAL SPINNING MILLS LTD - YARN,3.09.01
WORLD WIDE TRADE,3.09.01
SALMAN NOMAN ENTERPRISES LTD,3.09.01
CRESCENT SOCKS (PVT) LTD,3.09.01
EMBRO HOSIERY,3.09.01
EMPTY,3.09.01
HAMZA ENTERPRISES,3.09.01
TEXTILE BUSINESS INTERNATIONAL,3.09.01
INZY INTERNATIONAL,3.09.01
HAJI ABDUL SALAM,3.09.01
YARN MARKETING NETWORK,3.09.01
HAJI GHULAM MUSTAFA,3.09.01
M.SHAKEEL FABRICS,3.09.01
ISLAM & SONS,3.09.01
TEXTILE WORLD,3.09.01
MIAN ZULFIQAR,3.09.01
SHAHID IQBAL,3.09.01
BARRAS DE SEDA ENTERPRISES,3.09.01
SALMAN AZIZ,3.09.01
ALI SIALKOAT (DEBTOR),3.09.01
TEXTILE LINKS INTERNATIONAL,3.09.01
VICTORIA TOWEL,3.09.01
KAMRAN SHEIKH,3.09.01
GALAXY APPAREL,3.09.01
ARSA KNITWEAR (PVT) LTD,3.09.01
K.A ENTERPRISES,3.09.01
AHSAN IKRAM TEXTILE (PVT) LTD,3.09.01
FILLIGREE ENTERPRISES,3.09.01
NUTEX ENTERPRISES,3.09.01
MIMA KNIT (PVT) LTD.,3.09.01
KNIT TEX APPARELS (PVT) LTD,3.09.01
MAKNIT PRIVATE LIMITED,3.09.01
RUSTAM TOWEL (PVT) LTD,3.09.01
KARIM HOSIERY,3.09.01
QAZI WAQAS,3.09.01
S.A.N ENTERPRISES,3.09.01
H B TEXTILE,3.09.01
RAINBOW INDUSTRIES,3.09.01
MOHSIN GRW,3.09.01
WORLD CUP HOSIERY,3.09.01
ALI TEXTILE.,3.09.01
HAJI NIAMAT,3.09.01
BILAL TRADERS,3.09.01
CAMEO KNITTING,3.09.01
ZAIN HOSIERY,3.09.01
TEXPAK (PVT) LTD.,3.09.01
YOUSAF JAMAL,3.09.01
IRFAN IDUSTRIES,3.09.01
NASIR BASHIR,3.09.01
ADNAN GILL,3.09.01
YASIR MUBARAK,3.09.01
HAJI ASHRAF ALI ANSARI,3.09.01
SIX SIGMA,3.09.01
NEUTEX ENTERPRISES,3.09.01
NISAR WEAVING,3.09.01
MAS CLOTHING,3.09.01
empty,3.09.01
DECENT TEXTILE,3.09.01
KB ENTERPRISES,3.09.01
WASEEM IJAZ,3.09.01
ZAIN IKRAM TEXTILES (PVT) LTD,3.09.01
MILLINIUM TEXTILE,3.09.01
AMK TRADERS,3.09.01
M.A.S TEXTILE,3.09.01
USWA TEXTILE LAHORE,3.09.01
EMAAN TEXTILE,3.09.01
S.A INTERNATIONAL (YARN),3.09.01
ALI AKBAR SPINNING MILLS LTD (YARN),3.09.01
SNOTEX,3.09.01
YASIR FAREED,3.09.01
RIZWAN TRADERS FSD,3.09.01
SPINWEAVE INTERNATIONAL,3.09.01
UNDEFINED PARTIES BALANCE,3.09.01
USWA TEXTILE FAISALABAD,3.09.01
ADNAN ENTERPRISES,3.09.01
HALA ENTERPRISES,3.09.01
GHOSIA FABRICS,3.09.01
COMBINE SPINNING (SAMPLING),3.09.01
N.K TEXTILE,3.09.01
KHAS SOCKS,3.09.01
S & S INTERNATIONAL,3.09.01
SABA TEXTILE,3.09.01
HASSAN TRADERS MULTAN,3.09.01
SULMAN YOUSAF (FAISALABAD),3.09.01
USMAN VOHRA ( FAISALABAD),3.09.01
TEXT NET ENTERPRISES,3.09.01
AFZAL BOHLLA,3.09.01
FAISAL TOWEL,3.09.01
HAROON CORPORATION,3.09.01
HABIB UR REHMAN TRD,3.09.01
HAJI SHEIKH NAWAB DIN & SONS,3.09.01
AYYAN ENTERPRISES,3.09.01
JAWAD FAWAD FSD,3.09.01
KAN ENTERPRISES,3.09.01
SHEIKH SALEEM MULTAN,3.09.01
ASLAM NIKKA,3.09.01
DECENT TOWELER WEAVING FACTORY,3.09.01
SHABBIR AZAM,3.09.01
ABIHA FATIMA INTERNATIONAL PVT LTD,3.09.01
TEXCONE INTERNATIONAL,3.09.01
A H TEXTILE,3.09.01
MEGA COTTON TEXTILE,3.09.01
NAWAZ FABRICS,3.09.01
HAAMITEX MANUFACTURERS,3.09.01
M.K SONS (PVT) LTD,3.09.01
HAJI ZIKRIYA YOUSAF,3.09.01
MOEEZ,3.09.01
SHEIKH IDRESS,3.09.01
H.N ENTERPRISES,3.09.01
CENTRAL TRADING CORPORATION,3.09.01
OPTUS TEXTILE,3.09.01
SAJID KB,3.09.01
SHEIKH HABIB,3.09.01
SHEIKH ASLAM,3.09.01
SULTANI ELASTO,3.09.01
DECENT TEXTILE MILLS,3.09.01
REHMAN ENTERPRISES,3.09.01
ARTEX ENTERPRISES,3.09.01
KASHIF CHAWLA,3.09.01
ABID ALI,3.09.01
GLOBAL TEXTILE,3.09.01
EMPTY CONE,3.09.01
AZHAR ALI,3.09.01
MALIK NAWAZ,3.09.01
KOHINOOR MILLS LTD.,3.09.01
ARFA INTERNATIONAL,3.09.01
SHARIF SOCKS,3.09.01
W.BROTHERS,3.09.01
AFZAL KNITWEAR,3.09.01
ALLANA ENTERPRISES,3.09.01
ASIAN TEXTILE,3.09.01
ALLIED INTERNATIONAL,3.09.01
PHINE TEXTILE,3.09.01
ESTRELLA INTERNATIONAL,3.09.01
IMRAN GULZAR,3.09.01
LATIF & SONS,3.09.01
NAUMAN FAISALABAD,3.09.01
AYYAN TRADERS,3.09.01
THREE STAR KNITTING (YARN),3.09.01
SHAHKOT KNITTING AND GARMENTS (PVT) LTD,3.09.01
MUKATI IMPEX,3.09.01
EMERLAND TEXTILE,3.09.01
HADI TEXTILE,3.09.01
MASTER WEAVING,3.09.01
ABDULLAH INTERNATIONAL,3.09.01
AL-RIAZ KNITWEAR (PRIVATE) LIMITED,3.09.01
CHAUDHRY INDUSTRIES,3.09.01
SAPPHIRE FIBERS,3.09.01
MUSHTAQ WEAVING,3.09.01
GNA TEXTILE,3.09.01
SAPPHIRE TEXTILE MILLS LIMITED,3.09.01
A G CORPORATION,3.09.01
RANA IMRAN,3.09.01
FAZAL SARDAR TEXTILE MILLS,3.09.01
USMAN MOTA,3.09.01
RIZWAN NISAR,3.09.01
CHAUDHRY ENTERPRISES (MELANGE),3.09.01
M.S ENTERPRISES,3.09.01
AEROTEX,3.09.01
AG SONS,3.09.01
HOME TEX CORPORATION,3.09.01
HAJI ILYAS FSD,3.09.01
BEST EXPORTS (PVT) LTD,3.09.01
ROOMI FABRICS LIMITED,3.09.01
SUNTEX APPAREL,3.09.01
AL-REHMAN ENTERPRISES (YARN),3.09.01
AHAD WEAVING,3.09.01
KHAWAJA COTTON,3.09.01
J.H TEXTILE,3.09.01
SHEIKH NAVEED,3.09.01
AL HADI (MELANGE),3.09.01
SUBHAN INTERNATIONAL,3.09.01
HADI ENTERPRISES,3.09.01
IFTIKHAR YARN AGENCY,3.09.01
AL-HAMD ENTERPRISES,3.09.01
MIAN KNITWEAR,3.09.01
JAMAL FABRICS,3.09.01
A.S TRADERS,3.09.01
HAMID SHARIF,3.09.01
MUNAWAR (MELANGE),3.09.01
MOHSIN SHEIKH,3.09.01
NAUMAN TRADERS,3.09.01
USMAN MOTA-KASHIF SHEIKH,3.09.01
ASIF HAR,3.09.01
ATIF MUNA,3.09.01
SHEIKH ABDUL SATTAR,3.09.01
KB ENTERPRISES - REG,3.09.01
YASIR FAISALABAD,3.09.01
ESFA (PVT) LTD.,3.09.01
ECO TEXTILE,3.09.01
WAQAS TEXTILE,3.09.01
MULTI FIBRE,3.09.01
UZAIR TRADERS,3.09.01
FAYYAZ SONS,3.09.01
KASHIF - MULTAN,3.09.01
WAQAR TRADERS (PP),3.09.01
KASHIF ASHRAF,3.09.01
AHMED TRADERS,3.09.01
MALIK HUSSAIN,3.09.01
AL-HADI (UN-REGISTERED),3.09.01
NAUMAN AHAMD - KHI,3.09.01
ENZO FABRICS,3.09.01
SHAHBAZ TRADERS (ACRYLIC),3.09.01
SALMAN MANI,3.09.01
KASHIF KHALIL,3.09.01
MALIK ENTERPRISES,3.09.01
NAEEM AKRAM,3.09.01
MULTAN INDUSTRIES,3.09.01
FAISAL ASAD TEXTILE MILLS LTD,3.09.01
TRIPLE A UNITED (PVT) LTD,3.09.01
J.K INDUSTRY,3.09.01
USMAN MOTA-SHAMAS IRSHAD,3.09.01
KMI,3.09.01
TAHIR TAYYAB,3.09.01
HASSAN ENTERPRISES - YARN,3.09.01
NH KNITTING,3.09.01
EMPIRE TEXTILE INDUSTRIES,3.09.01
SHAHZAD PALLAY DAR,3.09.01
KAMALIA TEXTILE,3.09.01
DYNAMIC SPORTS (PVT) LTD.,3.09.01
ZM HOSIERY,3.09.01
WEARBOND KNITWEAR,3.09.01
MUSTAQIM DYEING PRINTING INDUSTRIES (PVT) LTD.,3.09.01
GREEN CLOTHING (PVT) LTD,3.09.01
A.I TEXTILE,3.09.01
JUCA FABRICS INTERNATIONAL,3.09.01
TAHA MFG.CO.,3.09.01
DK INDUSTRIES (PVT) LTD.,3.09.01
HAJI RAFIQUE ANSARI,3.09.01
SHABBIR SHAKEEL,3.09.01
I.U LINKS,3.09.01
KNITWEAR INTERNATIONAL,3.09.01
UNITED KNITWEAR,3.09.01
MR TEXTILE,3.09.01
INFINITEX,3.09.01
K.R TRADERS,3.09.01
QUALITY SEAL PRODUCTS,3.09.01
ISRAR AHMED,3.09.01
SHAHZAD TEXTILE MILLS LIMITED,3.09.01
SEVEN STAR INTERNATIONAL,3.09.01
REHBAR MAJEED TEXTILE (PVT) LTD.,3.09.01
M.J TEXTILE,3.09.01
WEAVER INTERNATIONAL,3.09.01
SHOAIB - YARN FSD,3.09.01
TEX HOME,3.09.01
FAIR TRADERS,3.09.01
GLOVES N GLOVES,3.09.01
ABID LATIF,3.09.01
ZIAN INTERNATIONAL,3.09.01
IMRAN TRADERS,3.09.01
LANCER SURGICAL,3.09.01
MATRIX,3.09.01
SHEIKH TAUSEEF,3.09.01
HIRA/HAMID KB,3.09.01
ARM TEXTILE,3.09.01
LAL INDUSTRIES,3.09.01
EMPTY - WORLD,3.09.01
SHAMI TEXTILES,3.09.01
UNIQUE TEXTILE,3.09.01
REVAMP,3.09.01
SUPER GLOVES,3.09.01
COMBINE AND ENZO FABRICS,3.09.01
IMRAN AKRAM,3.09.01
NS CONE DYEING,3.09.01
TAHIR TRADERS,3.09.01
AHTISHAM SAGHIR - MULTAN,3.09.01
WARIS TEXTILE (PVT) LTD.,3.09.01
KASHIF KNITTING,3.09.01
STANDARD SPINNING,3.09.01
RELIANCE COTTON SPINNING MILLS LTD,3.09.01
RAFHY APPAREL,3.09.01
SPECTRUM CLOTHING,3.09.01
ALPHINE TEXTILES,3.09.01
HAMZA TRADERS - YARN,3.09.01
SBES ENTERPRISES,3.09.01
KHALID GARMENTS FACTORY,3.09.01
STANDARD TEXTILES,3.09.01
TEXCON ENTERPRISES,3.09.01
SMART APPAREL (PVT) LTD.,3.09.01
BRIGHTWAY ENTERPRISES,3.09.01
AKSA TEX STYLE INDUSTRIES,3.09.01
KNITWEAR TREE,3.09.01
UNIQUE HOME TEX,3.09.01
US WEAVING,3.09.01
MANSOOR TRADERS,3.09.01
SAAAN APPAREL,3.09.01
SULTAN,3.09.01
MOEEZ ASIF,3.09.01
M.AFZAL - RAGS,3.09.01
ASHRAF KNITTING,3.09.01
WIDEZONE INTERNATIONAL,3.09.01
A.A IMPEX,3.09.01
NAWAZ SINDHU,3.09.01
IDREES TRADERS,3.09.01
NAVEENA EXPORTS,3.09.01
MIAN INDUSTRIES,3.09.01
IHSAN ELAHI,3.09.01
ABDUL REHMAN KASHTI,3.09.01
BASHIR GREY CLOTH,3.09.01
MUNIB ENTERPRISES,3.09.01
M.R HOSIERY,3.09.01
USMAN MOTA-IMRAN MUSHTAQ,3.09.01
SHARIF TEX,3.09.01
NASIR FSD,3.09.01
WAQAR,3.09.01
QANTAS SPORTS,3.09.01
SHAKEEL TEXTILE INDUSTRIES,3.09.01
A.M KNITWEAR,3.09.01
QADRIA TRADERS,3.09.01
TAYYAB WEAVING,3.09.01
CANARIA TEX (PVT) LTD.,3.09.01
USMAN MOTA-NOORANI TRADERS,3.09.01
ABBAS DYEING,3.09.01
H.I TEXTILES - UN REGISTERED,3.09.01
LOOP TEX (PVT) LTD.,3.09.01
SHEIKH USMAN ELAHI KNITS,3.09.01
ANGEL GARMENTS,3.09.01
NASEEM FABRICS,3.09.01
SADAQAT CORPORATION (PVT) LTD,3.09.01
ABID KNITTING,3.09.01
MULTAN FABRICS (PVT) LTD.,3.09.01
AWAN EXPO,3.09.01
NAZIR SONS,3.09.01
MAGUARI TEXTILE,3.09.01
ASHRAF POWER LOOMS,3.09.01
ALI HAMZA TRADERS,3.09.01
NOOR ZAMAN,3.09.01
WELL PRODUCT INDUSTRIES,3.09.01
AG APPARELS,3.09.01
ZOUK APPAREL,3.09.01
EXPORT MASTERS INDUSTRIES,3.09.01
AMIR WEAVING,3.09.01
TARIQ QURESHI YARN MARKET - FSD,3.09.01
SADIQ TEXTILE,3.09.01
ASIF ALLANA,3.09.01
WAQAR MANZOOR,3.09.01
SBR KNITTING,3.09.01
SIDDIQUE & SONS - YARN,3.09.01
DAWOOD INTERNATIONAL,3.09.01
FASHION & STYLE,3.09.01
HAFIZ AFZAL,3.09.01
STYLE TEXTILE,3.09.01
USMAN WEAVING,3.09.01
WASEEM BARI,3.09.01
ZAHID BROKER,3.09.01
M A PROCESSING INDUSTRY,3.09.01
LYALLPUR FABRICS,3.09.01
BIZZTEX SOURCING,3.09.01
BARI TEXTILE,3.09.01
SHAUKAT ALI,3.09.01
U.I TEXTILE - IULINKS,3.09.01
MI HOSIERY,3.09.01
MASTER GLOVES MANUFACTURERS CO.,3.09.01
NISAR AHMED,3.09.01
RAMZAN YARN TRADER,3.09.01
AFROZE TEXTILE INDUSTRIES (PVT) LTD.,3.09.01
ZIAN TRADER - MULTAN,3.09.01
AL-BARKAT CORPORATION,3.09.01
IT TEXTILE,3.09.01
HAJI HUSSAIN,3.09.01
SHAFFA INTERNATIONAL,3.09.01
IRIS APPAREL,3.09.01
SUBLIME INTERNATIONAL,3.09.01
AL-HAYAT ENTERPRISES,3.09.01
SKYLARK TEXTILES,3.09.01
TAUFEEQ AHMED,3.09.01
ARBAB SAKHAR,3.09.01
SAQIB NIAZ,3.09.01
HI TEX EXPORTS,3.09.01
ARZOO TEXTILE MILLS LTD,3.09.01
RAO SHAKEEL,3.09.01
S.M.NAZIR & CO.,3.09.01
MODEL SPINNING,3.09.01
ZARKASH INTERNATIONAL,3.09.01
BILAL KASURI,3.09.01
HANAN HAMZA,3.09.01
Z.A TRADERS,3.09.01
IQBAL MARFANI,3.09.01
M.S TEXTILE,3.09.01
JUNAID GHAFFAR,3.09.01
MUHAMMAD ARSALAN,3.09.01
USMAN MOTA-ISMAIL WEAVING,3.09.01
USMAN MOTA-AHMED WEAVING,3.09.01
ABDUL WAHAB MOTI WALA,3.09.01
AMAN ULLAH SHAH,3.09.01
KING WAYS TEXTILE,3.09.01
SAIMI EXPORTS,3.09.01
RAZA APPARELS,3.09.01
ECO TEXTLILE SOURCING,3.09.01
IQ INTERNATIONAL,3.09.01
SAEED ENTERPRISES,3.09.01
IBRAHIM RAFIQUE,3.09.01
SHAHEEN TEXTILE,3.09.01
IQBAL GALAXY,3.09.01
MUHAMMAD AKRAM,3.09.01
MAKKA NYLON,3.09.01
ZULFIQAR WEAVING & TOWEL,3.09.01
GULSHAN SARDAR TEXTILE INDUSTRIES,3.09.01
ASLAM PUNJMOTI,3.09.01
SHEIKH SULEMAN,3.09.01
TARIQ SAEED,3.09.01
IKRAM CHIRAG,3.09.01
NAVEED BUTTA - YARN,3.09.01
NAEEM TEXTILES,3.09.01
USMAN MOTA-IBRAHIM WEAVING,3.09.01
M.ALI UMAIR,3.09.01
WINTEX EXPORTS (PVT) LTD,3.09.01
NAWAZ,3.09.01
WEARBOND KNITWEARS,3.09.01
HASNAIN TRADERS,3.09.01
AHMAD JAMAL,3.09.01
FATIMA WEAVING MILLS (PVT) LTD,3.09.01
MR.ASIM,3.09.01
STAR SPORTS WEAR,3.09.01
EHSAN WOOLEN,3.09.01
ARSLAN ASHRAF,3.09.01
SHAYAN ENTERPRISES,3.09.01
A.K YOUSAF,3.09.01
SAMAAVIA INDUSTRIES,3.09.01
ARENA TEXTILE,3.09.01
F.M TEXTILES (PVT) LTD.,3.09.01
SHAHID GOCHA,3.09.01
FAIZAN TRADERS,3.09.01
TRANSPORTER - YARN,3.09.01
HAJI SIDDIQUE,3.09.01
IRFAN ASLAM,3.09.01
CARE WEAR SPORTS,3.09.01
AYESHA KNITWEARS (PVT) LTD,3.09.01
SPRY SPORTS CORPORATION,3.09.01
TAUFEEQ - BARKET MARKET,3.09.01
NOOR ZAMAN - PATHAN,3.09.01
H.I TEXTILES,3.09.01
BATOOL INTERNATIONAL,3.09.01
HIGH TECH AGENCIES,3.09.01
MOHSIN AWAN,3.09.01
SABOOR BHOLA,3.09.01
HAJI SALEEM - FSD,3.09.01
RAZA TRADERS,3.09.01
ABDUL AZIZ,3.09.01
NAUMAN SAEED,3.09.01
USMAN MOTA-SHOAIB SARWAR,3.09.01
ANWAR - MULTAN,3.09.01
SHEIKH ABDUL SALAM,3.09.01
RAMZAN MANI,3.09.01
SHAFIQ SILK,3.09.01
MALIK DOUBLING,3.09.01
MUBASHIR ANWAL,3.09.01
SADAQAT LIMITED,3.09.01
M HASSAN DIN AND SONS,3.09.01
AMIR GOODS,3.09.01
Z.F.TEXTILES,3.09.01
M.JAVED,3.09.01
BILAL TEXTILE,3.09.01
RADATEX PAKISTAN,3.09.01
ZAINAB TEXTILE,3.09.01
NASEEB TRADERS,3.09.01
SAJAD,3.09.01
SAJID BHOLA,3.09.01
M.TRADER,3.09.01
PAK ROM INTERNATIONAL,3.09.01
PLANET TEXTILE INDUSTRIES,3.09.01
ZULFIQAR YARN TRADER,3.09.01
ASAD SB,3.09.01
HILLAT TEXTILE MILLS (PVT) LTD.,3.09.01
AYESHA TEXTILE,3.09.01
NAUMAN SALEEM,3.09.01
USMAN SALEEM,3.09.01
SOHAIL JHUNG,3.09.01
OBAID UR REHMAN,3.09.01
ZAS TEXTILES,3.09.01
USMAN MOTA-CH.BILAL,3.09.01
USMAN MOTA-SHAHZAD ABDUL REHMAN,3.09.01
ASAD TRADERS,3.09.01
SHEIKH EHSAN,3.09.01
MR.FABRICS (PVT) LTD.,3.09.01
SOHAIL WEAVING,3.09.01
TALIB CHAUDHRY,3.09.01
ZULTEX,3.09.01
CORE SPORTS WEARS,3.09.01
SHEIKH YASIR ASGHAR,3.09.01
FINE TOWEL INDUSTRIES,3.09.01
USMAN MOTA-KHAN FABRICS,3.09.01
MUHAMMAD AZAM,3.09.01
TALIB - ENZO,3.09.01
IMRAN MARFANI,3.09.01
GOHAR MAQSOOD,3.09.01
EXECUTIVE APPAREL,3.09.01
ALI HASSAN,3.09.01
USMAN MOTA-ASIF SIZING,3.09.01
ZULQARNAIN,3.09.01
COMBINE SPINNING (PVT) LTD. UNIT-1,3.09.01
COMBINE SPINNING (PVT) LTD. UNIT-11,3.09.01
COMBINE SPINNING (PVT) LTD. UNIT-111,3.09.01
ASIF RAMZAN,3.09.01
ABDUL SATTAR,3.09.01
ZUBAIR SARWAR,3.09.01
YARN CRAFT (PVT) LTD,3.09.01
ASHRAF JEWELLER JANG,3.09.01
QTEX ENTERPRISES,3.09.01
BILAL ASLAM,3.09.01
BISMILLAH COTTON,3.09.01
SOHRAB MULTAN,3.09.01
HANAN TRADERS,3.09.01
ROHAN TRADERS,3.09.01
SHAFIQ SILK - UNIT 2,3.09.01
A.R TRADERS,3.09.01
AL-NAHAL TRADERS,3.09.01
MR.AZHAR,3.09.01
USMAN MOTA - MALIK SHABBIR,3.09.01
TAUFIQ YARN TRADERS,3.09.01
JAVED - MULTAN,3.09.01
ALLIANCE TEXTILE,3.09.01
IJAZ HAMZA,3.09.01
MUSHTAQ AHMED,3.09.01
FAG TEXTILE,3.09.01
MALIK ADIL,3.09.01
IMRAN HASSAN,3.09.01
UMAR ABDULLAH TEXTILE,3.09.01
STITCHCO.,3.09.01
FRIENDS COTTON PRODUCTS,3.09.01
KAMTEX CORPORATION,3.09.01
DECENT EMBROIDARY,3.09.01
A.D KNITT WEAR,3.09.01
F.M. TEXTILE (SUNDAR),3.09.01
AZAD INTERNATIONAL CLOTHING PVT LTD,3.09.01
MASTER CREATION,3.09.01
M.HAROON,3.09.01
M.A INDUSTRIES,3.09.01
DANISH YAHYA,3.09.01
TALHA JUTT,3.09.01
USMAN MOTA-MALIK ASAD,3.09.01
SAJJAD CORPORATION,3.09.01
USMAN MOTA (ZUBAIR ASGHAR),3.09.01
SHEIKH ZAHID,3.09.01
SHAMAS MAQBOOL,3.09.01
ESSA YOUSAF,3.09.01
GM EXPORTS,3.09.01
EJAZ ENTERPRISES,3.09.01
NADEEM - MULTAN,3.09.01
HAMZA SAQIB,3.09.01
ATAULLAH KNITWEAR,3.09.01
FASHION ART INTERNATIONAL,3.09.01
KAM INTERNATIONAL,3.09.01
SAG APPAREL,3.09.01
HAROON SONS,3.09.01
COTTON CRAFT (PVT) LTD.,3.09.01
AWAIS JHUNG,3.09.01
ANSARI TRADERS,3.09.01
LAHORE FASHION,3.09.01
HAMEED PRINTING MILLS,3.09.01
CLOSED ROYAL TEXTILE,3.09.01
ANAM FABRICS (PVT) LTD.,3.09.01
ASCO INTERNATIONAL (PVT) LTD.,3.09.01
INAM BARI,3.09.01
ZEESHAN NISAR,3.09.01
LYALLPUR KNITWEAR,3.09.01
HAJI ISMAIL,3.09.01
AAMER HOSIERY,3.09.01
PRIME APPAREL SOURCING,3.09.01
RAFIQUE TAYYAB,3.09.01
ABBAS WAQAS,3.09.01
CHAMPION INTERNATIONAL,3.09.01
GHULAM HUSSAIN HAIDER,3.09.01
USMAN IMRAN - TALIB CH,3.09.01
KHALID SAEED,3.09.01
4A INTERNATIONAL,3.09.01
SOHRAB KHAN,3.09.01
BISMILLAH CLOTHING,3.09.01
GULSHAN FABRIC,3.09.01
ABDULLAH ENTERPRISE,3.09.01
SRT ENTERPRISES,3.09.01
BIZZTEX (PVT) LTD.,3.09.01
COUGAR KNITWEAR,3.09.01
ANWAR CORPORATION,3.09.01
ZEESHAN ENTERPRISES,3.09.01
ASLAM SABA,3.09.01
ZEPHYRS,3.09.01
FAHAD ASHRAF,3.09.01
ALFAZ ENTERPRISE,3.09.01
HARIS ALI,3.09.01
REHAN GUJRANWALA,3.09.01
MEHMOOD TRADERS,3.09.01
MIANDAD,3.09.01
TEXCONE,3.09.01
HASSAN USMAN,3.09.01
FAISAL MIANDAD,3.09.01
EJAZ WAQAR,3.09.01
ESHALL TEXTILE,3.09.01
ABID - HADI TEXTILE,3.09.01
YAHYA HASSAN,3.09.01
USMAN SHAFIQUE TEXTILES,3.09.01
HAFIZ TWIN BROTHERS,3.09.01
AHSAN TEXTILE,3.09.01
FASHION KNITWEAR,3.09.01
AQ APPAREL,3.09.01
BR HOSIERY,3.09.01
IHTASHAM JANU,3.09.01
ABDULLAH ALTAF,3.09.01
UNION TEXTILE,3.09.01
PRO SOURCING,3.09.01
SAMAD,3.09.01
MARVEL TEXTILE,3.09.01
HAFEEZA TEXTILE,3.09.01
NEK HOSIERY WORKS,3.09.01
AL-FAROOQ ENTERPRISES,3.09.01
AHMAD TAHIR,3.09.01
MIAN NAVEED AHMED,3.09.01
ASAD NAZIR,3.09.01
TANVEER NAVEED FABRICS,3.09.01
MOON STYLE TEXTILES,3.09.01
AREEHA (PVT) LTD,3.09.01
K.M.I & SONS TEXTILE (PVT) LTD.,3.09.01
SULTANI FABRICS (PVT) LTD.,3.09.01
REHMAN TRADERS,3.09.01
TAJ DIN,3.09.01
MAARIJ FABRIC,3.09.01
WEAVER BIRDS INTERNATIONAL,3.09.01
MODUS TEXTILE MILLS (PVT) LTD.,3.09.01
SAVAIZ COTTON,3.09.01
MB YARN SERVICES,3.09.01
GHULAM RASOOL,3.09.01
SAQIB - MULTAN,3.09.01
HOUSE OF SOCKS (PVT) LTD,3.09.01
ALPHINE GROUP,3.09.01
SHAHKAM INDUSTRIES (PVT) LIMITED,3.09.01
ANAS JUNAID,3.09.01
TAYYAB TEXTILE,3.09.01
ASLAM - YARN,3.09.01
ABH SAFETY,3.09.01
SAQIB AFZAL,3.09.01
SHAHID RAZA,3.09.01
ATIF MULTAN,3.09.01
SHEIKH HAMID,3.09.01
MUDASSAR TEXTILE,3.09.01
SARA CORPORATION,3.09.01
KASHIF TRADER,3.09.01
ZULFIQAR ALI KHOKHAR,3.09.01
H.A.R TEXTILE,3.09.01
RASHEED FABRICS,3.09.01
MANSHA AKRAM,3.09.01
ZF TEXTILE EMPTY,3.09.01
RAJ MERCANTILE,3.09.01
HAJI RAFIQUE ANSARI - MULTAN,3.09.01
CHAWALA ENTERPRISES,3.09.01
ISMAIL TEXTILE MILLS (PVT) LTD.,3.09.01
MUHAMMAD IMRAN & SONS,3.09.01
IJAZ APPAREL (PVT) LTD.,3.09.01
ALI SALEEM,3.09.01
QAISER BHATTI,3.09.01
SUNSHINE TEXTILES (PVT) LTD.,3.09.01
A & U MERCANTILE (PVT) LTD.,3.09.01
SHAHEEN PRINTING,3.09.01
MUDASSIR HOSIERY,3.09.01
WAJID APPAREL (PVT) LIMITED,3.09.01
HAFIZ SALEEM,3.09.01
REHAN MADNI,3.09.01
MANSOOR TEX,3.09.01
HA TEXTILES,3.09.01
SHEIKH GAZANFAR,3.09.01
M.K INTERNATIONAL,3.09.01
H & H ENTERPRISES,3.09.01
AHAD TAUQEER,3.09.01
GLOBAL EXPORTS,3.09.01
KAMRAN TRADERS,3.09.01
MANSOOR FATIMA TEXTILE INDUSTRY,3.09.01
MUKHTAR - YARN,3.09.01
ALLIED APPAREL,3.09.01
SABARWAAL GROUP,3.09.01
SAQIB - FSD,3.09.01
T.H.A.3 INTERNATIONAL,3.09.01
SUBHAN DANIAL,3.09.01
SHAHZAIB AFZAL,3.09.01
RAVINE INTERNATIONAL,3.09.01
IMRAN USMAN,3.09.01
S & A ENTERPRISES,3.09.01
AMNA APPARELS,3.09.01
ASLAM TRADER - FSD,3.09.01
KASHIF NAEEM,3.09.01
M.A TEXTILE,3.09.01
SHAUKAT REHMAN,3.09.01
WAQAR AZEEM,3.09.01
ASHAR INTERNATIONAL (PVT) LTD.,3.09.01
WASEEM HAMID CO.,3.09.01
JAGUAR (PVT) LTD.,3.09.01
HAMMAD TEXTILE,3.09.01
INTER MARKET KNIT (PVT) LIMITED,3.09.01
SABARWAL GEAR,3.09.01
CHINIOT FABRICS,3.09.01
SILVER SQUARE CLOTHING,3.09.01
ENZO TEXTILE,3.09.01
HAMID DOABA,3.09.01
NAEEM BUTT - YARN,3.09.01
NEW AMIR WEAVING,3.09.01
UGS GLOBAL ENTERPRISES,3.09.01
ALPHA TEXTILE,3.09.01
SZ TEXTILE - FSD,3.09.01
AMNA ASHRAF APPARELS,3.09.01
MOEEN AWAN,3.09.01
SAAD HUMMAS ENTERPRISES,3.09.01
RIAZ - BROKER,3.09.01
M.RAFIQ,3.09.01
AURANGZEB BIN ASLAM,3.09.01
BALI TEX (PRIVATE) LTD.,3.09.01
ALTAF - YARN,3.09.01
JAMEEL SHAKIL - YARN,3.09.01
PRIME EXPORT,3.09.01
TAJIR IMPEX,3.09.01
UMAR BUTT - YARN,3.09.01
TRICON FIBRES,3.09.01
ALI ILYAS - YARN,3.09.01
AHMED WALI - YARN,3.09.01
M.AHMED YOUSAF,3.09.01
HANAN FABRICS,3.09.01
SKM APPAREL,3.09.01
ABU BAKAR MULTAN,3.09.01
GHULAM NABI SHEIKH,3.09.01
POLANI TEXTILE,3.09.01
JACQUARD WEAVERS,3.09.01
SOHAIB GUJRANWALA,3.09.01
ABDUL WAHAB - FSD,3.09.01
MISBAH TEXTILE,3.09.01
AFZAL TRADERS,3.09.01
AZHAR AMIN,3.09.01
SHEIKH UMER,3.09.01
WAQAS - YARN,3.09.01
SHAHJAHAN RAFIQ,3.09.01
HAMZA ASLAM - YARN,3.09.01
US DENIM (PVT) LTD.,3.09.01
G TEX MULTAN,3.09.01
SADIQ FABRICS,3.09.01
HAAMITEX GROUP OF INDUSTRIES,3.09.01
A.R.ENTERPRISES,3.09.01
KHURSHEED & CO - YARN,3.09.01
INTERASIA TEXTILES,3.09.01
UMER USMAN TEXTILES,3.09.01
AAA YARN TRADER,3.09.01
AB APPAREL,3.09.01
PIYARAY BHAI - YARN,3.09.01
AHMED TEXTILE - UMAR BUTT,3.09.01
SNA INTERNATIONAL,3.09.01
WAQAS GUJRANWALA - SADIQ WOOLEN - YARN,3.09.01
HIMALIA DYEING,3.09.01
IRFAN GARMENTS,3.09.01
GOHAR TEX,3.09.01
HUDSON INTERNATIONAL (PVT) LTD.,3.09.01
RAO MOOSA - YARN,3.09.01
MUNEEB TAHIR,3.09.01
AHMED ZEESHAN - YARN,3.09.01
ABDULLAH INTERNATIONAL - REGISTERED,3.09.01
INDUS PLUS (PVT) LTD.,3.09.01
ASIF TRADER - QASUR,3.09.01
ITTEFAQ CLOTH HOUSE,3.09.01
ADAMJEE ENTERPRISES,3.09.01
KAY & EMMS (PVT) LTD. - YARN,3.09.01
MOON ENTERPRISES,3.09.01
VOHRA TEX.,3.09.01
ADNAN - KARACHI,3.09.01
FRIENDS APPAREL,3.09.01
AIMS HOSIERY LTD.,3.09.01
AMIN - FSD,3.09.01
SHAHEEN TEXTILES - UNIT 1,3.09.01
M S K TEXTILES,3.09.01
DECENT YARN,3.09.01
SOHAIB YOUSAF - YARN,3.09.01
BK FABRICS,3.09.01
ABDUL'S TEXTILE,3.09.01
SHAHBAZ ABDULLAH - YARN,3.09.01
RAMAY TEX (PVT) LTD.,3.09.01
WAHEED TRADERS - YARN,3.09.01
EASTERN GARMENTS (PVT) LTD.,3.09.01
NOMEN CLATURE INT.,3.09.01
HALLMARK TEXTILES,3.09.01
MOUNT FUJI TEXTILES LTD.,3.09.01
ALI HAMZA BROTHERS - MULTAN,3.09.01
LIBERTY MILLS LTD.,3.09.01
TANVIR AFRIDI - YARN,3.09.01
ABDUL SALAM - MULTAN,3.09.01
MILLI TRADERS,3.09.01
RAGLAN CORPORATION,3.09.01
KASHIF HASEEB - YARN,3.09.01
AMTEX LIMITED,3.09.01
SADIA ENTERPRISES,3.09.01
AZAD TRADER,3.09.01
AL-GHANI TERRY MILLS (PVT) LTD.,3.09.01
SUNSHINE CLOTHING,3.09.01
SKYLINX TEXTILES,3.09.01
FAKHAR APPAREL,3.09.01
SHAHBAZ - YARN,3.09.01
CENTRAL TRADING HOUSE,3.09.01
TEXTILE SOURCING,3.09.01
J FASHION,3.09.01
MORTEX INTERNATIONAL,3.09.01
HAFIZ FAISAL - YARN,3.09.01
HAJI INDUSTRIES,3.09.01
SZ TEXTILE - KHI,3.09.01
POLYGON EXPORTS,3.09.01
COTTON EMPIRE (PVT) LTD.,3.09.01
TERRY TEX INTERNATIONAL,3.09.01
SUPER SHAHEEN - YARN,3.09.01
MULTIMAT INTERNATIONAL,3.09.01
HUMAYUN IBRAHIM - YARN,3.09.01
DALAL INDUSTRIES,3.09.01
YOUNUS TRADER - YARN,3.09.01
TEXTILE TRADING CORPORATION,3.09.01
COLORS TEX,3.09.01
USAMA - YARN,3.09.01
AHMED ENTERPRISES,3.09.01
FINE COTTON TEXTILE,3.09.01
S R ENTERPRISES,3.09.01
ZAHID ABID & CO.,3.09.01
AL REHMAN ENTERPRISES,3.09.01
PENNA OVERSEAS CORPORATION,3.09.01
JUNAID PATHAN - YARN,3.09.01
ISMAIL SPORTS GARMENT INDUSTRY,3.09.01
XONE - INC - CO.,3.09.01
FASHION ART APPARELS,3.09.01
SHALIMAR INTERNATIONAL TRADERS,3.09.01
HY ENTERPRISES,3.09.01
HAMEED TEXTILE,3.09.01
TRANDS APPAREL,3.09.01
FARHAN BHAILA,3.09.01
TOP NOTCH APPAREL,3.09.01
ROYAL TEXTILES,3.09.01
FALCON TEXTILE,3.09.01
SANI SILK,3.09.01
AL-SUFFAH TEXTILE,3.09.01
M.I INDUSTRY,3.09.01
W.N FURQAN INDUSTRIES,3.09.01
ASIF NAWAZ,3.09.01
ZUBAIR GUJRANWALA,3.09.01
AYESHA FABRICS,3.09.01
MYM KNITWEAR,3.09.01
DANEESHA FASHION,3.09.01
SIBGHA TEXTILES,3.09.01
4422 ENTERPRISES,3.09.01
KNITWEAR TEXTILE PROCESSING,3.09.01
STRETCHMAX INTERNATIONAL,3.09.01
HADI APPARELS,3.09.01
HY TRADERS,3.09.01
JAN FABRICS,3.09.01
SMART WEAR INTERNATIONAL,3.09.01
HALEEMATEX,3.09.01
H & A TRADERS,3.09.01
KAMAL TEXTILE (PVT) LTD.,3.09.01
VENTAGE DENIM,3.09.01
RIZWAN NAQVI,3.09.01
PAUL TEXTILE & TOWEL INDUSTRIES,3.09.01
ARHAM ENTERPRISES,3.09.01
SHEIKH MAQSOOD,3.09.01
IMPERIAL TEXTILES,3.09.01
NIGAR APPAREL,3.09.01
YOUNUS TEXTILE,3.09.01
UT INTERNATIONAL,3.09.01
M.Y ENTERPRISES,3.09.01
BUKSH INDUSTRIES,3.09.01
DREAMTEX,3.09.01
JALINWALA CORPORATION,3.09.01
UMAR MOAZAM BHUTTA,3.09.01
TEX WORLD,3.09.01
SUBHAN KNITWEAR - ZERK GARMENTS,3.09.01
ANEES APPAREL,3.09.01
ASHRAFIA TEXTILE,3.09.01
DANESHA,3.09.01
CROWN TEXTILE,3.09.01
ASHRAFIA KNITWEAR,3.09.01
CLOSE KNIT HOSIERY,3.09.01
REGAL TEXTILE INDUSTRIES (PVT) LTD,3.09.01
COTTONERA (PVT) LTD.,3.09.01
CHOTTANI TEX,3.09.01
MIAN MANSOOR - YARN,3.09.01
AL-AWWAL INTERNATIONAL,3.09.01
DESIGN APPAREL INTERNATIONAL,3.09.01
TERRY MASTER,3.09.01
JAMTEX INTERNATIONAL,3.09.01
KATIF APPAREL,3.09.01
JB INDUSTRIES,3.09.01
HASAN TEXTILE,3.09.01
LUCKY KNITS (PVT) LTD.,3.09.01
SHEIKH ANEES,3.09.01
ZAMAN TEXTILE MILLS (PVT) LTD.,3.09.01
FAISAL CORPORATION,3.09.01
SHARIF SUPERFINE,3.09.01
ABID NISAR CORPORATION,3.09.01
AL-MADINA TRADERS,3.09.01
AJMAL HOSEIRY,3.09.01
SHAHBAZ SHARIF - YARN,3.09.01
YASEEN NAJA - YARN,3.09.01
SELIMPEX,3.09.01
AYAAN TEXTILE INDUSTRIES,3.09.01
AS TRADERS,3.09.01
AAA APPAREL,3.09.01
MS GARMENTS,3.09.01
A.MAJEED & SONS,3.09.01
ATTIRE MANUFACTURING,3.09.01
VIP GARMENTS,3.09.01
KNITWEAR FABRICS,3.09.01
TEXTURE TEXTILES,3.09.01
H.M.H GARMENTS,3.09.01
WAHAB ANEES,3.09.01
ASAD SAFEER TRADERS,3.09.01
FAISAL HOSIERY WORKS,3.09.01
AROOJ ENTERPRISES,3.09.01
NAEEM QADAFI,3.09.01
HARAM TEXTILE,3.09.01
MEHMOOD AZAM,3.09.01
NAZIR KHAN,3.09.01
KARSAZ TEXTILE INDUSTRIES,3.09.01
WALEED BOOTA,3.09.01
NEW ZEENAT TEXTILE MILLS,3.09.01
M.S.APPARELS,3.09.01
SAQIB ENTERPRISES,3.09.01
PMS APPAREL INDUSTRIES,3.09.01
GRACE FABRICS,3.09.01
M/S ROYAL HOME BRANDS,3.09.01
SAJJAD (HAJI ILYAS),3.09.01
ANSARI TEXTILE,3.09.01
NEW IMPERIAL,3.09.01
SPINCO,3.09.01
SABIR NIAZ,3.09.01
COMBINE SPINNING (PVT) LTD. - UNIT 6,3.09.01
HAFIZ NOOR & SONS,3.09.01
MASS APPAREL INTERNATIONAL,3.09.01
UM APPARELS SERVICES,3.09.01
AL-SHIRKAT INDUSTRIES (PVT) LIMITED,3.09.01
IMRAN - B GRADE YARN,3.09.01
T.H.A.3 INTERNATIONAL - NASEEM,3.09.01
ALI SB-YARN,3.09.01
KHALID - ALI AKBAR,3.09.01
SHAHPUR APPAREL,3.09.01
SANI BHAI SILK EMPORIUM,3.09.01
RANYAL TEXTILES,3.09.01
S.A ENTERPRISES,3.09.01
ALHAMD TEXTILES,3.09.01
TEXKNIT,3.09.01
SARDAR INTERNATIONAL,3.09.01
MS FABRICS,3.09.01
AL-HADI TEXTILE (PVT) LTD.,3.09.01
ABAIDULLAH TRADER,3.09.01
ABDUR REHMAN - YARN,3.09.01
EB'S APPAREL NETWORK (SMC-PVT) LIMITED,3.09.01
ANWARTEX INDUSTRIES (PVT) LTD.,3.09.01
A.L. GARMENTS,3.09.01
YARN MERCHANTS,3.09.01
AL-HADI EXPORTS,3.09.01
FATIMA ENTERPRISES - YARN,3.09.01
ESSA TEX,3.09.01
GAGAN TEXTILE,3.09.01
HOME CARE TEXTILE,3.09.01
GUL ENTERPRISES,3.09.01
REHAN NISAR,3.09.01
AL-ASAR ENTERPRISES,3.09.01
ZUNAIRA INDUSTRIES,3.09.01
AXIS TEXTILES,3.09.01
OUTTAK APPAREL,3.09.01
GALAXY KNITWEAR COMPANY,3.09.01
SHAHEEN FOUNDATION,3.09.01
SULTANIA GARMENTS,3.09.01
ASHRAF ALI ENTERPRISE (PVT) LTD.,3.09.01
PREMIUM TEXTILE MILLS LTD,3.09.01
SAAD - FSD,3.09.01
SKETCHO INTERNATIONAL ENTERPRISES,3.09.01
ASKARI WOOLEN MILLS,3.09.01
EJAZ SHAFAT ULLAH,3.09.01
MEHTABI TOWEL MILLS (PVT) LTD.,3.09.01
MH APPAREL,3.09.01
A.K TRADERS,3.09.01
SEEMA CLOTHING,3.09.01
FMT GARMENTS,3.09.01
SHAHEEN FABRICS,3.09.01
TIME KNIITS,3.09.01
M.M.I & SONS,3.09.01
THREADS TEXTILE,3.09.01
JAVED GLOVES (PVT) LTD.,3.09.01
ADNAN APPAREL,3.09.01
ADMANI - YARN,3.09.01
ZARNAB KNITWEAR,3.09.01
GLOBAL TEXTILES,3.09.01
AZAN WEAVING,3.09.01
ZAS TEXTILE,3.09.01
ADEEL INTERNATIONAL,3.09.01
GREEN CO LTD.,3.09.01
INZYTEX,3.09.01
TEXTILE MANUFACTURES GROUP,3.09.01
M N H TEXTILES,3.09.01
AMIR SHARIF,3.09.01
MAGNUS,3.09.01
XONE - INC - CO,3.09.01
A.U TEXTILE,3.09.01
S.H.A. TEXTILES,3.09.01
SOHAIL ENTERPRISES,3.09.01
KASHIF TRADER - BIZZTEX,3.09.01
SAPPHIRE LINEN,3.09.01
SHAFI EXPORTS,3.09.01
IMRAN - KARACHI,3.09.01
EUROPA INTERNATIONAL,3.09.01
METHOD INDUSTRIES,3.09.01
CHAUDHRY EJAZ AHMED & SONS,3.09.01
INDIGO TEXTILE,3.09.01
ZEHRI INDUSTRIES (PVT) LTD.,3.09.01
AJ ASSOCIATES,3.09.01
HAJRA TEXTILES,3.09.01
JAMIL - GUJRANWALA,3.09.01
ANIS APPAREL,3.09.01
MILLI TEXTILE (PVT) LTD.,3.09.01
NAARI STUDIO,3.09.01
ZAIN INTERNATIONAL,3.09.01
UMAR TEXTILES,3.09.01
FAHAD QAISER SHAMS,3.09.01
FAIZAN FABRICS,3.09.01
ABDULLAH PUR TEXTILE,3.09.01
AL-MUNAF CORPORATION,3.09.01
STAR TEX INDUSTRIES,3.09.01
IRTAZA TRADER - YARN,3.09.01
NASIR ENTERPRISES,3.09.01
MADINA POLYESTER,3.09.01
RIAZ BROTHERS,3.09.01
AL-HABIB INDUSTRIES,3.09.01
ARTEX ASSOCIATES,3.09.01
A.L.U INTERNATIONAL,3.09.01
IBRAHIM'S TEX,3.09.01
BEST TEXTILES,3.09.01
HAMZA TOWEL,3.09.01
ASAD ENTERPRISES,3.09.01
DAWOOD EXPORTS (PVT) LTD.,3.09.01
IMRAN APPAREL,3.09.01
A ESSAK & SONS,3.09.01
KARACHI DYEING WORKS (PVT) LTD.,3.09.01
JAMEEL SB - YARN,3.09.01
RAO BILAL - YARN,3.09.01
ROYAL HOME BRANDS,3.09.01
ALIZ TEXTILES,3.09.01
JK KNITTING,3.09.01
TEXTILE CHANNEL,3.09.01
MADINA WOOL,3.09.01
SADAF ENTERPRISES,3.09.01
SHAREEF - YARN,3.09.01
JB APPAREL LTD,3.09.01
NERO STYLE,3.09.01
NASIR ALI - YARN,3.09.01
OMER SHAREEF - YARN,3.09.01
AL-NOOR TEXTILE,3.09.01
MILESTONE TEXTILE,3.09.01
ABDULLAH - MULTAN,3.09.01
HAFIZ SALEEM UD DIN - YARN,3.09.01
EAGLE INTERNATIONAL,3.09.01
JAVED KLASRA - MULTAN,3.09.01
SKYLARK INTERNATIONAL,3.09.01
GREEN TEXTILES,3.09.01
S AND A ENTERPRISES,3.09.01
KAMRAN ISLAM,3.09.01
ACTIVE APPAREL,3.09.01
ABDULLAH SINDI,3.09.01
JH TRADERS,3.09.01
MULTI PRODUCTS INDUSTRIES,3.09.01
SOCKS ALLIANCE,3.09.01
ANWAAR RAFIQUE ANSARI,3.09.01
MIAN WAQAR,3.09.01
KAMAL MILLS (PVT) LTD.,3.09.01
MAAFTEX,3.09.01
AQARIB - YARN,3.09.01
FAISAL NAZIR,3.09.01
XPERT APPAREL,3.09.01
ABDUL BASIT CHAMDIA,3.09.01
KAMRAN RAZA,3.09.01
GREEN TEXTILES..,3.09.01
KASHIF MEHBOOB,3.09.01
RANA TARIQ,3.09.01
NAJMUL HASSAN,3.09.01
TAYYAB & CO.,3.09.01
ANAM SOCKS,3.09.01
HILTON ENTERPRISES,3.09.01
VALUE ENTERPRISES,3.09.01
BELIVE RETAIL (PVT) LTD.,3.09.01
AHMED FATIMA ENTERPRISES - YARN,3.09.01
MUNIR BARKATI,3.09.01
KNITWEAR TEXTILE INDUSTRIES,3.09.01
MUAZ MUBARIK,3.09.01
SHABBER ENTERPRISES,3.09.01
SI EXPORTS,3.09.01
MMI & SONS - HAMID,3.09.01
UNIQUE COLLECTONS,3.09.01
ARABIAN TEXTILE MILLS,3.09.01
FAZAL HABIB,3.09.01
MIBAR TEXTILE,3.09.01
UNITED LOGISTICS - YARN CLAIM,3.09.01
D.Z APPAREL,3.09.01
KNITWEAR ENTERPRISES,3.09.01
ABDUL SHAKOOR - YARN,3.09.01
SS EXPORTS (PVT) LTD.,3.09.01
A.Q.TEXTILE,3.09.01
CRAFTMAN APPARELS,3.09.01
TAYYABA FASHION KNITWEAR,3.09.01
FREEDOM TEX (PVT) LTD.,3.09.01
A.F TEXTILE,3.09.01
IRFAN GARMENTS - NEW,3.09.01
UMAIR DHAKNI,3.09.01
NOOR HOSIERY,3.09.01
SM EXPORTS,3.09.01
IMRAN AGAR,3.09.01
AHSAN LIAQAT,3.09.01
KHURREM MAJEED,3.09.01
MILESTONE TEXTILE DIVISION,3.09.01
AK TEXTILE,3.09.01
AHMAR KNITWEAR,3.09.01
BILL'S INC,3.09.01
USMAN & SONS,3.09.01
TEXTILE SOURCERS,3.09.01
MUAZZAM BHUTTA,3.09.01
ROSE TEXTILE,3.09.01
POLYCOT AGENCIES,3.09.01
SHAFIQ - B GRADE,3.09.01
ALEEM ALI,3.09.01
ZEESHAN ASHRAF ANSARI,3.09.01
TRUEMAN INTERNATIONAL,3.09.01
ACTIVE APPARELS INTERNATIONAL (PVT) LTD,3.09.01
ROYAL TEXTILE,3.09.01
ASAD JANU,3.09.01
SHAHEEN INDUSTRIES,3.09.01
MUSTAFA BUTT,3.09.01
SHAKEEL - MULTAN,3.09.01
SUN FLOWER,3.09.01
LIONS TEXTILES,3.09.01
FAMEX MILLS (PVT) LTD.,3.09.01
AIR TEXTILE,3.09.01
PELIKAN KNITWEAR,3.09.01
SHAHAB GARMENTS,3.09.01
BILAL BROTHERS INDUSTRIES,3.09.01
J & G FABRICS,3.09.01
ALI MUSTAFA,3.09.01
M.TEX INDUSTRIES,3.09.01
IMRAN SULEHRI,3.09.01
SHAHBAZ CH,3.09.01
TALHA YOUSAF,3.09.01
FASHION FACTORY,3.09.01
AAA SOLUTIONS,3.09.01
WASEEM - YARN,3.09.01
APPAREL ZONE,3.09.01
RANA IMPEX,3.09.01
R.A.GARMENTS,3.09.01
NAAYLE GARMENTS,3.09.01
MOEEN SHAFIQ,3.09.01
DANIAL ENTERPRISES,3.09.01
3A TEXTILES ENGINEERING CO.,3.09.01
SALMAN ALVI,3.09.01
Y.G TEXTILE,3.09.01
GREEN LIGHT HOSIERY (PVT) LTD.,3.09.01
GLOBE DYEING,3.09.01
NEW WAYS INDUSTRIES,3.09.01
ZASS APPAREL,3.09.01
LSM - YARN,3.09.01
"SWISS ""N"" SCOTT",3.09.01
DH HOME TEXTILE,3.09.01
ASTRO GULF TEXTILES,3.09.01
RIZVI AND COMPANY,3.09.01
FAROOQ SHAUKAT,3.09.01
PACIFIC ENTERPRISES,3.09.01
HASNAT TRADER,3.09.01
HAMID SHEIKHUPURA - YARN,3.09.01
RANG MAHAL POLYESTER HOUSE,3.09.01
UNIQUE APPAREL,3.09.01
ASHIQ ALI,3.09.01
IMRAN ENTERPRISES,3.09.01
ZUBAIR GHAFOOR TRADER,3.09.01
RIJA MERCH,3.09.01
AFGHAN FABRICS,3.09.01
F.B. INDUSTRIES,3.09.01
Y.R TEXTILE,3.09.01
S.N.FASHION,3.09.01
USMAN SALEEM - GUJRANWALA,3.09.01
ISHTIAQ FANCY YARN,3.09.01
PAK MILLAT COTTON TRADERS,3.09.01
ABDULLAH TRADERS - MULTAN,3.09.01
14 STARS TRADER,3.09.01
AL KARAM TEXTILE MILLS (PVT) LTD.,3.09.01
SAQIB SALMAN - YARN,3.09.01
BASIT IDREES - YARN,3.09.01
A.M MERCHANDISING,3.09.01
M.BILAL TEXTILES IND. (PVT) LTD.,3.09.01
FAWAD WEAVING FACTORY,3.09.01
TOOBA INTERNATIONAL,3.09.01
FAISAL TEXTILE,3.09.01
ZEESHAN - YARN,3.09.01
TAHIR IQBAL - MULTAN,3.09.01
F.A.HOSIERY,3.09.01
NAWAZ - MULTAN,3.09.01
ASIF - MULTAN,3.09.01
EASTERN EXPORT,3.09.01
M.ALI - ACRYLIC,3.09.01
ELAHI TRADERS,3.09.01
MOOSA TRADERS,3.09.01
IHTASHAM SAGHEER,3.09.01
BASIT IDREES - MULTAN,3.09.01
ACME INTERNATIONAL,3.09.01
G.M & SONS,3.09.01
PANAMA INTERNATIONAL,3.09.01
SAMI ULLAH - YARN,3.09.01
HUR RAZA - RAZA,3.09.01
UMER FAIZAN ENTERPRISES,3.09.01
GHULAM MOHI UD DIN - YARN,3.09.01
AHMED USAMA,3.09.01
INFINEEDLE APPARELS,3.09.01
NARKINS,3.09.01
HOME & HOTEL TEXTILES (PVT) LTD.,3.09.01
ADIL TAHIR TEXTILES,3.09.01
ICON FASHIONS,3.09.01
ASIAN FIBRES,3.09.01
MUSTAJAB TRADER,3.09.01
MAHAD INTERNATIONAL,3.09.01
RAZA SIRAJ,3.09.01
UMAR TRADERS - MULTAN,3.09.01
SAIRA GARMENTS,3.09.01
COTTON CLUB,3.09.01
ARTISTIC TOWEL,3.09.01
SANAULLAH INDUSTRIES,3.09.01
SAJID BASHIR - YARN,3.09.01
ANWAR - YARN,3.09.01
AADAM TEXTILE,3.09.01
TARIQ HOSIERY,3.09.01
PEARL FABRICS,3.09.01
UNITED TOWEL EXPORTERS (PVT) LTD.,3.09.01
AHMED TRADER,3.09.01
PAKEEZAH DYEING & BLEACHING,3.09.01
MIAN GUL INDUSTRIES,3.09.01
MAX FAB,3.09.01
AFZAL - MULTAN,3.09.01
ANWAR TEXTILE MILLS,3.09.01
UMER TEX,3.09.01
IMPERIAL APPAREL,3.09.01
AHMAD TEXTILES,3.09.01
KF TEXTILES,3.09.01
PRESTON APPARELS,3.09.01
USMAN ENTERPRISES,3.09.01
SAFA TEX,3.09.01
UNION TEXTILE INDUSTRIES,3.09.01
KASHMIR SHAWL,3.09.01
R A EXPORTS & TEXTILE (PVT) LTD,3.09.01
HAROON RAHEED TEXTILE,3.09.01
IRFAN MAJEED,3.09.01
VISION TEXTILE TRADER,3.09.01
FABRIC REJECTION RECEIVABLE A/C,3.09.01
VISION TECHNOLOGIES CORPORATION (PVT) LTD.,3.09.01
YUNUS TEXTILE,3.09.01
SEATEX INTERNATIONAL,3.09.01
REDOX FASHION LONDON,3.09.01
MRK TEX,3.09.01
AJMAL HUSSAIN,3.09.01
AEF SPORTS,3.09.01
MK TEXTILE,3.09.01
HASSAN SARFRAZ - FSD,3.09.01
B T ENTERPRISES,3.09.01
ZUBISMA APPAREL,3.09.01
ALI HANNAN - MULTAN,3.09.01
PRIME EXPORTS,3.09.01
A.MANIYA INTERNATIONAL,3.09.01
Z.I & CO.,3.09.01
NEXTGEN APPAREL,3.09.01
SS ENTERPRISES,3.09.01
FINE STAR FASHION,3.09.01
AYYOUB APPARELS,3.09.01
SALEEM TEXTILE,3.09.01
GRACE KNIWEAR (PVT) LTD.,3.09.01
MMM INTERNATIONAL,3.09.01
BILAL SHAKEEL,3.09.01
MALIK HASSAN,3.09.01
AMNA INDUSTRIES (PVT) LTD.,3.09.01
FAISAL HANIF,3.09.01
JAMAL WEAVING,3.09.01
HS TRADERS,3.09.01
SK TRADERS,3.09.01
KIMS CLOTHING INC,3.09.01
TARGET APPAREL,3.09.01
AYESHA SPINNING - YARN,3.09.01
AHMED TEX GUJRANWALA,3.09.01
AMIR SULEHRI,3.09.01
ISHAQ FAUJI SILK,3.09.01
M.R.INDUSTRIES,3.09.01
ABDULLAH INDUSTRIES,3.09.01
ANWAR WEAVING FSD,3.09.01
ZAHID PV YARN,3.09.01
USMAN ELAHI TRADER - YARN,3.09.01
REHAN AZAM,3.09.01
AQEEL MUKHTAR,3.09.01
UNIFAB EXPORT,3.09.01
PREMIER TEXTILE MILLS,3.09.01
SOHAIL LATIF,3.09.01
A.H CORPORATION,3.09.01
ASGHAR DOUBLING,3.09.01
HAMMAD ARSHAD,3.09.01
FAHAD JABBAR,3.09.01
TAYYAB JUNAID,3.09.01
HUSSAIN TRADERS - B GRADE YARN,3.09.01
TEXTILE NETWORK INTERNATIONAL,3.09.01
OLYMPIA FABRICS,3.09.01
BASRA TEX,3.09.01
HAMMAD TEXTILE TRADING COMPANY,3.09.01
HAJI NAWAZ - MULTAN,3.09.01
SHERWANI EXMI,3.09.01
SAR GLOBAL FASHION,3.09.01
UMER - GUJRANWALA,3.09.01
NEXT SALE HEAD,3.09.01
NAZIR APPAREL,3.09.01
A.I.R INDUSTRIES,3.09.01
ANWER FARHAN,3.09.01
M.R DYEING,3.09.01
A & U ENTERPRISES,3.09.01
SHEIKH IMRAN,3.09.01
NOMAN UMER & CO,3.09.01
RASHID TEXTILE - FSD,3.09.01
IG.FASHION GARMENTS,3.09.01
SAM INDUSTRIES,3.09.01
NINI FABRICS,3.09.01
HAJI KAUSER,3.09.01
AHSAN BROTHERS,3.09.01
INTERNATIONAL LINENS PRIVATE LIMITED,3.09.01
BM APPAREL,3.09.01
CHAUDHRY AND SONS,3.09.01
KHAWAJA ZULFIQAR,3.09.01
YASEEN MEMON,3.09.01
FASHION CLOTHING,3.09.01
SUBHAN KNITWEAR,3.09.01
KAMAL INDUSTRIES,3.09.01
PAK TERRY MILLS,3.09.01
SKY FABRICS,3.09.01
TARIQ - GUJRANWALA,3.09.01
AL FAZAL KNIT'S,3.09.01
SAJAL TEXTILES,3.09.01
YARANA TEXTILE,3.09.01
MUZAMMIL SOHAIL,3.09.01
HAMZA JAVED - MULTAN,3.09.01
AL REHMAN KNITTING,3.09.01
HAJI ADAM SONS,3.09.01
USMAN IQRA,3.09.01
BAGHDAD ENTERPRISES,3.09.01
FAISAL RASOOL,3.09.01
HAJI ADAM,3.09.01
SHEIKH BROTHERS,3.09.01
SHOAIB TEXTILE - MULTAN,3.09.01
ADNAN NAVEED,3.09.01
SHAHZAMAN TEXTILE,3.09.01
JAVED KASURI,3.09.01
AJMAL ALI,3.09.01
MASOOD SPINNING MILLS LTD.,3.09.01
QAZI TALAL,3.09.01
AHMED RAZA,3.09.01
SAEED ASHRAF,3.09.01
ABDULLAH USMAN,3.09.01
RAMZAN - B GRADE,3.09.01
NEW LOOK APPAREL,3.09.01
I.M.TRADERS,3.09.01
NAFEES TRADERS,3.09.01
FAISAL ISMAIL,3.09.01
SAMNANI BROTHERS,3.09.01
ZEESHAN TEXTILE (PVT) LTD.,3.09.01
GARMS THE ART OF STITCH,3.09.01
JAMIL SHAHZAD,3.09.01
MALIK ZAHEER,3.09.01
ZAHIDJEE TEXTILE MILLS LTD.,3.09.01
SAQIB THE GREAT,3.09.01
ABDULLAH WEAVING - FSD,3.09.01
HIRA TEXTILE,3.09.01
CHAUDHRY CORPORATION,3.09.01
WAHAB ASLAM,3.09.01
SA TRADERS - FSD,3.09.01
THE RIGHT WAY ENTERPRISES,3.09.01
HABIB AJMAL,3.09.01
AHMED NISAR MULTAN,3.09.01
HAMMAD ZULFIQAR,3.09.01
SHAHBAZ - YARN 2,3.09.01
H & F ENTERPRISES,3.09.01
NOOR FATIMA HOSIERY,3.09.01
TA TRADERS KHI,3.09.01
IRFAN CHAUDHRY,3.09.01
M.S.M TRADERS,3.09.01
ANWAR ASLAM,3.09.01
WASIF NAVEED,3.09.01
HS TEXTILE INDUSTRIES,3.09.01
HAMMAD,3.09.01
AR ENTERPRISES - LHR,3.09.01
MIRTEX INTERNATIONAL COMPANY,3.09.01
TEXTILE DIVISION,3.09.01
COLOUR & CONES HOUSE,3.09.01
UNITED FABRIC INDUSTRIES,3.09.01
SJ TEXTILES,3.09.01
SM TEX - ROTATION - UE,3.09.01
ALI TIRMIZI - YARN,3.09.01
UNIFORM HOUSE & HOME TEXTILE,3.09.01
NADEEM SB - YARN,3.09.01
K.M TEX,3.09.01
INDUS HOME LIMITED,3.09.01
SOCKS HOUSE,3.09.01
RAFIQ JAMIL TEXTILE INDUSTRIES,3.09.01
HAJI KASHIF - FSD,3.09.01
AL-AWWAL ENTERPRISES,3.09.01
RANIYAL TEXTILE KHI,3.09.01
QASIM SAEED,3.09.01
ZULFIQAR - UNDEFINED,3.09.01
M.SHARIF - B GRADE,3.09.01
SHAHID MAQBOOL,3.09.01
KASHIF IMTIAZ,3.09.01
IRTAZA BROTHERS,3.09.01
AL FATEH GARMENTS,3.09.01
NASIR TAKI,3.09.01
ZAID KNITTING,3.09.01
NAGRA MILLS,3.09.01
INAM INDUSTRIES,3.09.01
LAIQ REHMAN TEXTILE MILLS (PVT) LTD.,3.09.01
UNITED FABRICS - YOUSAF,3.09.01
NOMAN ENTERPRISES,3.09.01
EHSAN - YARN,3.09.01
AB INDUSTRIES,3.09.01
UMAR ABID LATIF,3.09.01
NAWAZ SINDHU - NEW,3.09.01
KASHIF TRADER - NEW,3.09.01
MEHMOOD TRADER - NEW,3.09.01
RS TRADER,3.09.01
SHAHEEN TRADING,3.09.01
AZIZ TEXTILES,3.09.01
IMRAN KNITTING,3.09.01
ASHARSTORES (PVT) LTD.,3.09.01
KHANABADOSH FABRICS,3.09.01
KHAWAR MEHMOOD,3.09.01
A A TEXTILE,3.09.01
IMRAN CORPORATION,3.09.01
LUCKY WEAVING,3.09.01
UNIFORM HOUSE,3.09.01
TAHIR SIDDIQI,3.09.01
MSN TEKSTYLE,3.09.01
SHABBIR HOSIERY,3.09.01
CMU TRADING - UNDEFINED,3.09.01
TAUSEEF ENTERPRISES - UNREGISTERED,3.09.01
SHAHEEN TEXTILE - UNREGISTERED,3.09.01
MUHAMMAD RIAZ,3.09.01
FASTEX FABRICS (PRIVATE) LTD.,3.09.01
AHS INTERNATIONAL,3.09.01
USMAN UNIQUE,3.09.01
IJAZ AHMED,3.09.01
GIANTEX,3.09.01
MALTEX EXPORTS,3.09.01
AB ENTERPRISES,3.09.01
SHABBIR INDUSTRIES,3.09.01
HTC TRADERS,3.09.01
PRIME TEXTILE,3.09.01
TEXTILE NEXUS,3.09.01
ENZO TRADERS - YARN,3.09.01
INDIGO - KARACHI/IMPORTED YARN,3.09.01
TST ENTERPRISES,3.09.01
SARENA TEXTILE INDUSTRIES (PVT) LTD.,3.09.01
NEW WARIS KNITTING,3.09.01
KAMRAN EXPORTS,3.09.01
AHMED RAZA - MULTAN,3.09.01
AHMED MAQSOOD - YARN,3.09.01
ALI & SUGRA TEXTILE,3.09.01
LAKHANI INTERNATIONAL,3.09.01
NEXUS FASHION HUB (PVT) LTD.,3.09.01
CROWN APPAREL,3.09.01
AMZA TRADING (PVT) LTD.,3.09.01
KASHIF JAMSHED,3.09.01
LEATHERTEX GLOVING (PVT) LIMITED,3.09.01
HAJI YOUSAF GOGA,3.09.01
NADEEM ALLAH WALAY,3.09.01
ASQ KNITTING,3.09.01
ABDUL RAHIM CORP.,3.09.01
BS TRADERS,3.09.01
THE INTERTWINE - ROTATI0N - TALIB,3.09.01
QAISER UL ZAMAN,3.09.01
YAHYA INTERNATIONAL,3.09.01
LEGACY CLOTHING,3.09.01
FARYAD AZIZ - F.H,3.09.01
CROSS FIBERS - ROTATION - MOBEEN,3.09.01
MUBBASHER HAMEED,3.09.01
TEXTILE EMPORIUM (PVT) LTD.,3.09.01
SARDAR HOSIERY PROCESSORS,3.09.01
KHALID SHEIKH,3.09.01
HUSNAIN TRADERS,3.09.01
JANU TEXTILE,3.09.01
SHERWANI APPAREL,3.09.01
COMFORT APPAREL,3.09.01
YOUSAF JODIA MLT,3.09.01
PUNJAB ENTERPRISES,3.09.01
HAROON WEAVING,3.09.01
MASTER TEXTILE MILLS LTD.,3.09.01
AHMED & BROTHERS - YARN,3.09.01
AL FAJAR INTERNATIONAL,3.09.01
DELIGHT SPINNING,3.09.01
INTERTWIN WEAVING,3.09.01
AMB WORX,3.09.01
AKRAM GUCHA TRADERS,3.09.01
ASIF JAVED - YARN,3.09.01
HASSAN ROHAN WEAVING - SAJJAD LARRA,3.09.01
RANA SHAFIQ - YARN,3.09.01
ABH WEAVING,3.09.01
SAIMA INDUSTRIES KARACHI,3.09.01
AJ TEXTILE,3.09.01
KNIT CRAFT,3.09.01
MALIK TAHIR BASHIR,3.09.01
TEXTILE HUB,3.09.01
AHMAR KNITWEAR - NTN F654237,3.09.01
MUNIR BADSHAH - YARN,3.09.01
MZ ENTERPRISES - AHMAD DAWOOD,3.09.01
SHEIKH TAHIR AMIN,3.09.01
SL TEXTILE (PVT) LTD.,3.09.01
BROTHER'S TEXTILE,3.09.01
FASHION INK (PVT) LTD.,3.09.01
AL BARKAT APPAREL,3.09.01
MUHAMMAD AFZAL WASTI,3.09.01
MURTAZA WEAVING,3.09.01
SHEIKH TAHIR TOORI,3.09.01
HAMZA USMAN - YARN,3.09.01
ADIL SHABIR NAVIWALA,3.09.01
COMPRESSION SOCKS,3.09.01
IQBAL BUTT - YARN,3.09.01
MUDASSAR BUTT - CH TALIB,3.09.01
ASIF SALEEM - YARN,3.09.01
DAMAM TRADERS,3.09.01
UMAR EHSAAN(ASIF JAVED),3.09.01
HASSAN TRADER - FSD,3.09.01
YARN TEX,3.09.01
HAMMAD - IQBAL BUTT,3.09.01
TAHIR BASHIR,3.09.01
MALIK M SALEEM,3.09.01
SADIQ MAJID - KHI,3.09.01
TEXKNIT SOLUTIONS,3.09.01
TAHIR JABBAR,3.09.01
S.N. SPINNING,3.09.01
NOVEL GARMENTS,3.09.01
SM TRADERS,3.09.01
AA RAZA,3.09.01
BURLYTEX PRIVATE LIMITED,3.09.01
NAEEM EJAZ,3.09.01
NS FABRICS,3.09.01
S.A WEAVING,3.09.01
IMRAN BUTT,3.09.01
MUHAMMAD BOOTA,3.09.01
ZAKRIA JAVED,3.09.01
USMAN TRADERS - ENZO - UT - 1,3.09.01
THE EXACTIVE APPAREL,3.09.01
RASHID ILYAS,3.09.01
M.A TRADERS,3.09.01
DR RAMZAN NAGRA,3.09.01
AM ENTERPRISES,3.09.01
MAKKAH TRADERS - FSD,3.09.01
FATIMA ENTERPRISES,3.09.01
CHAUDHARY AKBAR,3.09.01
CENTRAL TRADING,3.09.01
HAFIZ FAIQ,3.09.01
CH.ARSHAD AKBAR,3.09.01
WEARME APPAREL,3.09.01
S.H.S TEXTILE,3.09.01
HAFIZ RIZWAN,3.09.01
MAKKAH NAYLON - JINNAH COLONY,3.09.01
USAMA WEAVING - FSD,3.09.01
FAR EASTERN NEW CENTURY CORPORATION - EXPORT,3.09.02
EXPORT BUSINESS SALE A/C,3.09.02
AZAYAN ENTERPRISES CO.,3.09.02
BED SHEET DIVISION,3.09.02
TOWEL DIVISION,3.09.02
SOCKS DIVISION,3.09.02
GARMENTS DIVISION,3.09.02
RASHEED - WASTE,3.09.03
DANISH WASTE - FSD,3.09.03
GLOBAL INDUSTRIES - WASTE,3.09.03
TAHIR ASHRAF - WASTE,3.09.03
HAIDER ALI - WASTE,3.09.03
S.A INTERNATIONAL - WASTE,3.09.03
JAVED QADRI - WASTE,3.09.03
MINHAJ COTTON - WASTE,3.09.03
IRFAN - WASTE,3.09.03
ASLAM - WASTE,3.09.03
AZEEM - WASTE,3.09.03
ALI HAIDER - SCRAP,3.09.03
NASIR - WASTE,3.09.03
AA EXPORT - WASTE,3.09.03
MUHAMMAD BASHIR,3.09.03
ABID IQBAL - WASTE,3.09.03
RANA ASHRAF - WASTE,3.09.03
BABAR - WASTE,3.09.03
MALIK YASIR - WASTE,3.09.03
YOUNUS - WASTE,3.09.03
WAQAS TRADERS WASTE - OKARA,3.09.03
MUHAMMAD AKHTAR - WASTE,3.09.03
HAJI SULEMAN - WASTE/SCRAP,3.09.03
MITHU LODHRAN - WASTE,3.09.03
RAFIQUE - WASTE,3.09.03
JAVED - WASTE,3.09.03
ALI MUHAMMAD FSD - WASTE,3.09.03
ADNAN LHR - WASTE,3.09.03
SAJID - WASTE,3.09.03
FAZAL COTTON - WASTE,3.09.03
ASHIQ HUSSAIN - WASTE,3.09.03
M.AMEEN -BHAI PHERU - WASTE,3.09.03
MOEEN UD DIN - WASTE,3.09.03
SAEED - WASTE,3.09.03
SUFI SULEMAN - WASTE,3.09.03
NADEEM - WASTE,3.09.03
ABDUL REHMAN MALHI - WASTE,3.09.03
MOEEN AWAN - WASTE,3.09.03
MALIK NADEEM - WASTE,3.09.03
UMAR COTTON - WASTE,3.09.03
YASIR LUQMAN - WASTE,3.09.03
FAIZ UL HASSAN - FSD,3.09.03
SHEIKH IMRAN - WASTE,3.09.03
MUHAMMAD AMIR - WASTE/SCRAP,3.09.03
ANAYAT ALI - WASTE/SCRAP,3.09.03
SHABBIR FSD - WASTE,3.09.03
COMBINE SPINNING (PVT) LTD - UNIT 1,3.09.03
COMBINE SPINNING (PVT) LTD - UNIT 2,3.09.03
COMBINE SPINNING (PVT) LTD - UNIT 3 -,3.09.03
ADNAN FSD - WASTE,3.09.03
MUHAMMAD ABID FSD - WASTE,3.09.03
RAMZAN FSD - WASTE/SCRAP,3.09.03
HAJI KHALID - SCRAP/WASTE,3.09.03
IQBAL SHEIKHUPURA - WASTE,3.09.03
RIAZ SHEIKHUPURA - SCRAP/WASTE,3.09.03
AZHAR ZUBAIR - WASTE,3.09.03
MIRZA NAEEM - WASTE,3.09.03
GHULAM MUSTAFA - WASTE,3.09.03
ABDUL WAHAB - WASTE,3.09.03
MUHAMMAD AMIN SKP - WASTE,3.09.03
GHULAM ABBAS - WASTE,3.09.03
ABDULLAH FSD - WASTE,3.09.03
MUHAMMAD WASEEM - WASTE,3.09.03
SAPPHIRE FIBRE - SHREDDING/WASTE,3.09.03
ARSHAD WARBARTON - WASTE,3.09.03
MUHAMMAD QURBAN - SCRAP/WASTE,3.09.03
ABID ALI FSD - WASTE/SCRAP,3.09.03
USMAN SAEED - WASTE,3.09.03
USMAN OKARA - WASTE,3.09.03
MANZOOR BAJWA - WASTE,3.09.03
PERVAIZ GUJRAWALA - WASTE,3.09.03
RIAZ FSD - WASTE,3.09.03
SHEIKH RIZWAN WARBATAN - WASTE,3.09.03
MUSA TRADERS - FSD,3.09.03
RANA ABDUL REHMAN - WASTE,3.09.03
UMAIR FSD - WASTE,3.09.03
FAYYAZ IRSHAD - WASTE,3.09.03
HASNAT AHMED - WASTE,3.09.03
DOST MUHAMMAD - SCRAP/WASTE,3.09.03
JAVED ABDULLAH - WASTE,3.09.03
M.ASHRAF BHIKI SKP - WASTE,3.09.03
UMAR FSD - WASTE,3.09.03
IRSHAD EMPLOYEE - WASTE,3.09.03
BHOLA FSD - WASTE,3.09.03
IHSAN SONS (PVT) LTD - WASTE,3.09.03
HAMEED COTTON - WASTE,3.09.03
BULAND SHER,3.09.03
SARFARAZ AHMED LHR - WASTE,3.09.03
HAIDRI KHAN - WASTE,3.09.03
RANA BASHARAT - WASTE,3.09.03
ABID KALEEM SPINNING MILLS - SHEIKH RIZWAN,3.09.03
RIAZ - EMPLOYEE - WASTE,3.09.03
MUHAMMAD ALI F.WATWAN - WASTE,3.09.03
SALEEM LHR - WASTE,3.09.03
SHEIKH REHMAN FSD - WASTE,3.09.03
M.MOBEEN FSD - WASTE,3.09.03
SHEIKH IRFAN - WASTE - FSD,3.09.03
MUZZAMIL - WASTE - SKP,3.09.03
SHEIKH USMAN LHR - WASTE,3.09.03
SHAHBAZ WARBURTON - WASTE,3.09.03
SHAFIQUE - FSD - SCRAP,3.09.03
UMAR MEHBOOB - FSD,3.09.03
MUSHTAQ SHEIKHUPURA - SCRAP/WASTE,3.09.03
USMAN ALI FSD - WASTE,3.09.03
FAIZ RASOOL - WASTE,3.09.03
MUHAMMAD AMIN - WARBURTON - WASTE,3.09.03
IRTAZA TRADERS - WASTE,3.09.03
ABDUL RAZZAQ - WARBURTON - WASTE,3.09.03
ITTEHAD ELECTRIC WORKS,3.09.03
GULZAR MANJ SHKP - WASTE/SCRAP,3.09.03
AMIR FEROZ - WASTE,3.09.03
GHULAM MURTAZA - WASTE,3.09.03
SHEIKH ANAS - WASTE,3.09.03
PAUL CORPORATION - WASTE,3.09.03
SHEIKH BABAR - WASTE,3.09.03
TARIQ MEHMOOD - SCRAP,3.09.03
HAJI QADEER - SCRAP,3.09.03
FAHAD JAVED SPINNINNG - WASTE,3.09.03
HAJI AFZAL LHR - WASTE,3.09.03
UMER LHR - WASTE,3.09.03
COTTON KING - WASTE,3.09.03
SHAHID - WASTE,3.09.03
RANA AMJAD - WASTE,3.09.03
MALIK NAEEM - SCRAP,3.09.03
GHULAM RASOOL - SCRAP,3.09.03
GM TEXTILE - WASTE,3.09.03
AMIR FEROZ - SHUDDY MADE SALE,3.09.03
MIAN COTTON - SHUDDY MADE SALE,3.09.03
BABAR FAROOQ - WASTE,3.09.03
NAZIR AHMED - WASTE,3.09.03
NAVEED KAZMI - WASTE,3.09.03
SALMAN FSD - WASTE,3.09.03
HUSNAIN TRADER SKP - MUSHTAQ - WASTE,3.09.03
ASGHAR & BROTHERS - SCRAP,3.09.03
IMRAN HAIDER SKP - WASTE,3.09.03
BILAL JABBAR - WASTE,3.09.03
QAISER - SCRAP,3.09.03
ALLAH DITTA - WASTE,3.09.03
A.D AZHAR - WASTE,3.09.03
ASIF KABARIA - SCRAP,3.09.03
RANA NAWAZ - WASTE,3.09.03
M.RIZWAN - SCRAP,3.09.03
JAVED OKARA - WASTE,3.09.03
MUHAMMAD ASIF - WASTE,3.09.03
KHALID JAVED - WASTE,3.09.03
SHAHID - SCRAP,3.09.03
SHAHBAZ LHR - SCRAP,3.09.03
AL REHMAN ENGINEERING - SCRAP,3.09.03
OLYMPIA SYNTHETIC - SCRAP,3.09.03
M.ASHRAF - SCRAP,3.09.03
ABDUL QAYYUM - WASTE,3.09.03
SADI AHMED - SCRAP,3.09.03
LIAQAT ALI KABARIA - SCRAP,3.09.03
BAHADAR ALI - SCRAP,3.09.03
SAQLAIN AMIN - SCRAP,3.09.03
KASHIF - SCRAP,3.09.03
WARIS - WASTE,3.09.03
MUHAMMAD ATTIQUE - SCRAP,3.09.03
SAFDAR - KACHRA SALE,3.09.03
JAVED FSD - WASTE,3.09.03
RAMZAN - WARBURTON - WASTE,3.09.03
ASFAND TRADERS - SCRAP,3.09.03
SHAHID ILYAS - SCRAP,3.09.03
ZAFAR COTTON - WASTE,3.09.03
ZUL QIFEL CORPORATION - WASTE,3.09.03
USMAN FSD - WASTE,3.09.03
DAWOOD - WASTE,3.09.03
IKRAM FSD - WASTE,3.09.03
SHEIKH IKHLAQ - WASTE,3.09.03
MUHAMMAD NAWAZ - WASTE,3.09.03
SAMI ULLAH - WASTE,3.09.03
HAMZA ALI - SCRAP,3.09.03
WASAL KAMAL (RM SALE),3.09.04
HIRA TEXTILE MILLS LTD - RAW MATERIAL SALE,3.09.04
LAHORE SPINNING - RM SALE,3.09.04
SAPPHIRE TEXTILE MIILS LTD - RM SALE,3.09.04
FAHAD JAVED - RM SALE,3.09.04
RANTEX (PVT) LTD.- PCW,3.09.04
NAVEENA EXPORTS - PCW SALE,3.09.04
SAPPHIRE FIBERS LTD - PCW,3.09.04
RELIANCE COTTON SPINNING LTD - PCW,3.09.04
HANTEX KARACHI - PCW SALE,3.09.04
DIAMOND FABRICS LTD - PCW SALE,3.09.04
LAHORE TEXTILE AND GENERAL MILLS LTD - RM SALE,3.09.04
SUPERIOR TEXTILE - RM SALE,3.09.04
HIRA TEXTILE (REHMAN KHAN AFGHANI - 423),3.09.04
HIRA TEXTILE (REHMAN KHAN AFGHANI - 424),3.09.04
HIRA TEXTILE (REHMAN KHAN AFGHANI - 425),3.09.04
CRESCENT BAHUMAN LTD - PCW SALE,3.09.04
MUBASHAR & CO. C/O KHALID SUPERIOR,3.09.04
RELIANCE COTTON SPINNING LTD - PCW SALE,3.09.04
AZAD TEXTILE MILLS LTD - RM SALE,3.09.04
SHOAIB GRW - RM SALE,3.09.04
NAWAB SPINNING - RM SALE,3.09.04
MAHMOOD TEXTILE MILLS LTD - PCW,3.09.04
HAFIZ FAISAL - TENCEL SALE,3.09.04
AMIR COTTON MILLS LTD - PCW,3.09.04
AYESHA SPINNING MILLS LTD - RAW MATERIAL SALE,3.09.04
NASIR COTTON - MATERIAL SALE,3.09.04
CHAKWAL TEXTILE MILLS LTD - RAW MATERIAL,3.09.04
SHOAIB-UD-DIN - SHUDDY SALE,3.09.04
"HIRA TEXTILE (REHMAN KHAN AFGHANI - 502,508,509)",3.09.04
IDEAL TRADING - RM SALE,3.09.04
NASIR SB/SHOAIB UD DIN - MATERIAL SALE,3.09.04
A.G TEXTILE MILLS - MATERIAL SALE,3.09.04
AM INTERNATIONAL - MATERIAL SALE,3.09.04
ZULFIQAR ALI - RM SALE,3.09.04
RELIANCE COTTON SPINNING LTD - RM SALE,3.09.04
SAQIB TRADER - GUJRANWALA,3.09.04
NOON TEXTILE MILLS LTD - RM SALE,3.09.04
SHAHBAZ HAMEED - RM SALE,3.09.04
REVIVE TEXTILE (PVT) LTD. - COMBINE,3.09.04
UNITED TEXTILES - RAW MATERIAL,3.09.04
LATIF TEXTILE - RAW MATERIAL,3.09.04
MARFANI DENIM MILLS - PCW,3.09.04
NEELI BAR TEXTILE,3.09.04
AHMED TEXTILE,3.09.04
CRESCENT COTTON MILLS - MATERIAL,3.09.04
MASOOD SPINNING MILLS LTD - PCW,3.09.04
MUNAWARA TEXTILE (PVT) LTD. - MATERIAL,3.09.04
TEXSTYLE CORPORATION - MATERIAL,3.09.04
PAK UNITED MILLS LTD. - MATERIAL,3.09.04
WAQAS WOOLEN MILLS (PVT) LTD. - MATERIAL SALE,3.09.04
BISMILLAH SPINNING (PVT) LTD. - MATERIAL,3.09.04
GLAMOUR TEXTILE MILLS LTD - MATERIAL SALES,3.09.04
DR AHSAN NAZIR - MATERIAL,3.09.04
CHAUDHRY SUGAR MILLS LTD - MATERIAL,3.09.04
NADEEM TEXTILE MILLS LTD - MATERIAL,3.09.04
AL-AHMED TEXTILE MILLS (PVT) LTD.- MATERIAL,3.09.04
AHMED ORIENTAL TEXTILE MILLS LTD.- MATERIAL,3.09.04
ASKARI WOOLEN MILLS LTD - MATERIAL,3.09.04
DYNAMIC SPINNING MILLS LTD - MATERIAL,3.09.04
PAUL CORPORATTION (PVT) LTD. - MATERIAL,3.09.04
JANANA DE MALUCHO TEXTILE MILLS - MATERIAL,3.09.04
IHSAN SONS (PVT) LTD - MATERIAL,3.09.04
CRESCOT MILLS LTD,3.09.04
H.A.R FIBRES (PVT) LTD. - PCW,3.09.04
NISHAT CHUNIAN LTD. - TOWEL SALE,3.09.04
EJAZ SHABBIR TEXTILE - MATERIAL,3.09.04
MALIK ASAD - RAGS,3.09.04
M.SARFARAZ - RAGS,3.09.04
RIAZ - LANDA,3.09.04
SALMAN - LANDA,3.09.04
MALIK RASHID - RAGS,3.09.04
QUALITY TEXTILE - MATERIAL,3.09.04
NAGRA SPINNNG - MATERIAL,3.09.04
DYNAMIC TRADERS - MATERIAL,3.09.04
TANVIR BILLA - MATERIAL SALES,3.09.04
SHEIKHUPURA TEXTILE MILLS LTD. - MATERIAL,3.09.04
COLONY TEXTILE MILLS LTD.- MATERIAL,3.09.04
SPINCOT TEXTILE MILLS LTD - MATERIAL,3.09.04
ABDULLAH FIBRE - MATERIAL,3.09.04
HUSNAIN TRADERS - MATERIAL,3.09.04
SARITOW SPINNING MILLS LTD. - MATERIAL,3.09.04
MUHAMMAD NASEER - MATERIAL,3.09.04
IDREES TEXTILE MILLS LTD. - MATERIAL,3.09.04
RAVI SPINNING LTD. - MATERIAL,3.09.04
AMER COTTON MILLS (PVT) LTD - PCW,3.09.04
S.N. SPINNING - MATERIAL,3.09.04
UNITED FLOCK - MATERIAL,3.09.04
RIZWAN TEXTILE MILLS LTD. - MATERIAL SALES,3.09.04
NS CONE DYEING - MATERIAL SALE,3.09.04
SHABBIR - RAGS SALE,3.09.04
BABAR DYEING - GUJRANWALA,3.09.04
TALIB CH. - MATERIAL,3.09.04
SHAWANA ENTERPRISES - GUJRANWALA,3.09.04
DIN TEXTILE MILLS LTD - MATERIAL SALE,3.09.04
SHEIKH BABAR - RM SALE,3.09.04
AB INDUSTRIES - RM SALES,3.09.04
ABID KALEEM SPINNING MILLS LTD - MATERIAL SALE,3.09.04
NAGINA COTTON MILLS LTD. - PCW,3.09.04
NASEER - SHREDD SALE,3.09.04
IHSAN COTTON - RM SALES,3.09.04
SHOAIB UD DIN - MATERIAL,3.09.04
LYALLPUR TEXTILE - MATERIAL,3.09.04
PAK FIBER - MATERIAL SALE,3.09.04
HIMALAYA TEXTILE INDUSTRY - MATERIAL SALE,3.09.04
AWAISIA TEXTILE MILLS (PVT) LTD .- RM SALES,3.09.04
ZAMAN - PC KINARI SALE,3.09.04
USMAN ELAHI - PC KINARI SALE,3.09.04
RGI - MATERIAL SALE,3.09.04
WAQAS KASHIF - RAGS SALE,3.09.04
IMRAN - RAG SALES,3.09.04
CH.ZAHID - MATERIAL/WASTE,3.09.04
NISHAT MILLS LTD. - MATERIAL SALE,3.09.04
MAQBOOL TEXTILE MILLS LTD - MATERIAL SALE,3.09.04
MALIK JAMSHED FACTORY - MATERIAL SALE,3.09.04
NATIONAL SPINNING MILLS - MATERIAL SALE,3.09.04
ANEEB MUSTAFA - RAGS SALES,3.09.04
KASHIF SHAHZAD - RAGS SALES,3.09.04
AL-HUSNAIN COTTON - RAGS/YARN,3.09.04
MALIK TALHA - RAGS SALES,3.09.04
ABID - RAGS SALES,3.09.04
AISHA TRADERS - RAGS SALES,3.09.04
USMAN - RAGS SALES,3.09.04
MAJID ALI - RAGS SALES,3.09.04
DEBTORS - BAD DEBTS RECOVERABLES,3.09.05
PROVISION FOR BAD DEBTS,3.09.05
TEX HOME - ROTATION - MOBEEN,3.09.06
RUSTAM TOWEL (PVT) LTD. ROTATION,3.09.06
PATEL TOWEL INDUSTRIES - ROTATION,3.09.06
HAMSONS INDUSTRIES - ROTATION,3.09.06
UMAR TEXTILES - ROTATION - UE,3.09.06
UNITED TOWEL EXPORTERS - ROTATION,3.09.06
SHAHID MUHAMMAD UMAR DOUBLING - ROTATION,3.09.06
AHMED WEAVING - ROTATION,3.09.06
K.M TEXTILE - ROTATION,3.09.06
HUSSAIN HOME TEX - ROTATION,3.09.06
JAMAL WEAVING - ROTATION,3.09.06
NOOR FATIMA - ROTATION,3.09.06
JAMAL TEXTILE INDUSTRIES -ROTATION,3.09.06
GULSHAN SARDAR TEXTILE INDUSTRIES -ROTATION,3.09.06
AIMS HOSIERY - ROTATION,3.09.06
NISAR HAMEED - ROTATION,3.09.06
COTTON CRAFT (PVT) LTD - ROTATION - SHAHZAIB,3.09.06
AL-HAMMAD IMPEX - ROTATION - UE,3.09.06
TEXTILE WORLD - ROTATION - UE,3.09.06
SHAHAB TEXTILE - ROTATION - UE,3.09.06
S.N TEXTILE (PVT) LTD - ROTATION - MUAAZ,3.09.06
DAGHA TEXTILE (PVT) LTD. - ROTATION - SHAZAIB - IQB,3.09.06
SILVER TEXTILE FACTORY - ROTATION - UE,3.09.06
A.R APPARELS (PVT) LTD - ROTATION - UE,3.09.06
SAJID TEXTILE IND (PVT) LTD - ROTATION - UE,3.09.06
H.A.R.FIBRES (PVT) LTD. - ROTATION,3.09.06
W.BROTHERS - ROTATION - ALI,3.09.06
ASIAN TEXTILE COMPANY - ROTATION - ALI,3.09.06
AL-HUSNAIN COTTON WASTE - ROTATION,3.09.06
RIZWAN INTERNATIONAL (PVT) LTD. - ROTATION - UE,3.09.06
HARMAIN TEXTILE - ROTATION - UE - CLOSED,3.09.06
SIDDIQUE & SONS - ROTATION - ALI,3.09.06
AL-RIAZ KNITWEAR - ROTATION - ALI,3.09.06
H & H ENTERPRISES - ROTATION - ALI,3.09.06
AHMED TEXTILES - ROTATION - AHMED,3.09.06
PUNJAB TRADERS WASTE - ROTATION,3.09.06
PAK SILK FACTORY - ROTATION - ALI,3.09.06
AL-ASIF TEXTILE INDUSTRIES - ROTATION - UE,3.09.06
H.A COTTON INDUSTRIES - ROTATION - UE,3.09.06
HAMZA CORPORATION - ROTATION - UE,3.09.06
A.K HASHMANI - ROTATION - UE,3.09.06
AKKAR INTERNATIONAL - ROTATION - UE,3.09.06
LAHORE FASHION - ROTATION - ALI,3.09.06
NOMEN CLATURE INT. - ROTATION - MOBEEN,3.09.06
ALITEX INTERNATIONAL - ROTATION - UE,3.09.06
UNITED APPAREL (MR.ALI) - ROTATION,3.09.06
HADI ENTERPRISES (MR.ALI) - ROTATION,3.09.06
SHAHTEX ENTERPRISES - ROTATION - MOBEEN,3.09.06
GNA TEXTILE - ROTATION - ALI,3.09.06
UMAR TEXTILES - SHAHZAIB - ROTATION,3.09.06
ANWAR CORPORATION - ROTATION - SHAHZAIB,3.09.06
FAROOQ SPINNING (PVT) LTD - ROTATION - MOBEEN,3.09.06
FATIMA TOWEL INDUSTRIES (PVT) LTD - ROTATION - SHAHZAIB,3.09.06
IMRAN TEXTILES - ROTATION - UE,3.09.06
ARHAM ENTERPRISES - ROTATION - AHMED,3.09.06
FJ ENTERPRISES - ROTATION -UE,3.09.06
FARHEEN YOUSAF - ROTATION - UE,3.09.06
ARTEX ASSOCIATES - ROTAION - SHAHZAIB,3.09.06
MALTEX EXPORTS - ROTATION - UE,3.09.06
SAUD BROTHERS - ROTATION - SHAHZAIB,3.09.06
AL-RAHIM TOWEL - ROTATION - SHAHZAIB,3.09.06
M.K INTERNATIONAL - ROTATION - SHAHZAIB,3.09.06
REHMAN ENTERPRISES - ROTATION - MOBEEN,3.09.06
EZZA INTERNATIONAL - ROTATION - MOBEEN,3.09.06
PRO SOURCING - ROTATION - SHAHZAIB,3.09.06
FUZAIL INTERNATIONAL - ROTATION - UE,3.09.06
AL-REHMAN EXPORTERS - ROTATION - UE,3.09.06
CHIPPA TEXTILES (PVT) LTD. - ROTATION - UE,3.09.06
AMAN TEXTILE - ROTATION - SHAHZAIB,3.09.06
INOX FASHION - ROTATION - ALI,3.09.06
JAMILA INDUSTRIES - ROTATION - SHAHZAIB,3.09.06
MULTI SEVICES GENERAL TRADING - ROTATION - UE,3.09.06
EASTERN EXPORT - ROTATION - MUAAZ,3.09.06
FINE TOWEL - ROTATION - UE,3.09.06
PLANET TEXTILE INDUSTRIES - ROTATION - UE,3.09.06
HPS HOMETEX (PVT) LTD - ROTATION - UE,3.09.06
SOHAIL WEAVING INDUSTRIES - ROTATION - UE,3.09.06
MAKKI MADNI TEXTILES - ROTATION - MOBEEN,3.09.06
LAKHANY SILK MILL (PVT) LTD - ROTATION - MUAAZ,3.09.06
MUHAMMAD IMRAN AND SONS - ROTATION - SHAHZAIB,3.09.06
M.BILAL TEXTILES INDUSTRIES - ROTATION - UE,3.09.06
A.R TEXTILES - ROTATION - UE,3.09.06
A.ONE TEXTILE & TOWEL INDUSTRIES - ROTATION - UE,3.09.06
KAY & EMMS (PVT) LTD. - ROTATION - ALI,3.09.06
ALLIANCE TEXTILE - ROTATION - ALI,3.09.06
ECO TEX TEXTILE SOURCING - ROTATION - MUAAZ,3.09.06
ALIYAAN INDUSTRY - ROTATION - AHMED,3.09.06
TRICON FIBRES - ROTATION - ALI,3.09.06
RAZA APPAREL - ROTATION - ALI,3.09.06
R.Z TOWEL - ROTATION - UE,3.09.06
ASAD ENTERPRISES - ROTATION - UE,3.09.06
SPIKY INTERNATIONAL - ROTATION - ALI,3.09.06
LEO TEX INTERNATIONAL - ROTATION - ALI,3.09.06
JH TRADERS - ROTATION - SHAHZAIB,3.09.06
SALEEM TEXTILE - ROTATION - SHAHZAIB,3.09.06
SOHAIL WEAVING INDUSTRIES - ROTATION - SHAHZAIB,3.09.06
UNITED FABRIC INDUSTRY - ROTATION - ALI,3.09.06
HAMITEX MANUFACTURER - ROTATION - ALI,3.09.06
CHAUDHRY FASHION - ROTATION - SHAHZAIB/ALI,3.09.06
SUNTEX APPAREL - ROTATION - ALI,3.09.06
MEHTABI TOWEL (PVT) LTD - ROTATION - SHAHZAIB/UE,3.09.06
LASANI TRADERS - ROTATION - SHAHZAIB,3.09.06
S & A ENTERPRISES - ROTATION - ALI,3.09.06
SULTEX INDUSTRIES - ROTATION - SHAHZAIB,3.09.06
SPINTEX ENTERPRISES - ROTATION - MOBEEN,3.09.06
ALPHINE TEXTILES - ROTATION - SHAHZAIB,3.09.06
SELECT ENTERPRISES - ROTATION - SHAHZAIB,3.09.06
SHAHKAM INDUSTRIES (PVT) LTD. - ROTATION - ALI,3.09.06
ADNAN APPAREL - ROTATION - SHAHZAIB,3.09.06
INAAM INDUSTRIES - ROTATION - AHMED,3.09.06
FASHION & STYLE - ROTATION - ALI,3.09.06
TEXTILE NETWORK INTERNATIONAL - ROTATION - ALI,3.09.06
ALLIED APPAREL - ROTATION - ALI,3.09.06
WAJID APPAREL - ROTATION - ALI,3.09.06
H.A TEXTILE INDUSTRIES - ROTATION - MOBEEN,3.09.06
FAKHAR APPAREL - ROTATION - ALI,3.09.06
COSEY INTERNATIONAL - ROTATION - ALI,3.09.06
AL-GHANI INTERNATIONAL - ROTATION - SHAHZAIB,3.09.06
TAIMUR TEXTILE INDUSTRIES - ROTATION - SHAHZAIB,3.09.06
AZAD INTERNATIONAL CLOTHING - ROTATION - ALI,3.09.06
IQRA TEXTILE - ROTATION - ALI,3.09.06
BASRA KNITWEAR - ROTATION - ALI,3.09.06
MOON STYLE TEXTILE - ROTATION - ALI,3.09.06
RADATEX - ROTATION - SHAHZAIB,3.09.06
SHALIMAR INTERNATIONAL TRADERS - ROTATION - SHAHZAIB,3.09.06
SUPER FINE TEXTILES - ROTATION - MUAAZ,3.09.06
HAROON SONS - ROTATION - UE,3.09.06
LYALLPUR KNITWEAR - ROTATION - ALI,3.09.06
STITCH CO - ROTATION - ALI,3.09.06
SANALI SPORTS - ROTATION - ALI,3.09.06
NASEER KNITWEAR - ROTATION - ALI,3.09.06
AZIZ TEXTILE - ROTATION - SHAHZAIB,3.09.06
ZEUH SPORTS - ROTATION - SHAHZAIB,3.09.06
UM APPAREL - ROTATION - ALI,3.09.06
R.S INTERNATIONAL - ROTATION - SHAHZAIB,3.09.06
TEXSTAR GARMENTS - ROTATION - SHAHZAIB,3.09.06
UMER FAIZAN ENTERPRISES - ROTATION - SHAHZAIB,3.09.06
AIMS HOSIERY - ROTATION - ALI,3.09.06
GALAXY KNITWEAR - ROTATION - ALI,3.09.06
AZHARI TRADING - ROTATION - SHAHZAIB,3.09.06
UNIFORM HOUSE - ROTATION - ALI,3.09.06
GULSHAN FABRICS - ROTATION - ALI,3.09.06
A.R ENTERPRISES - ROTATION - ALI,3.09.06
AL-MAKKAH EXPORT - ROTATION - ALI,3.09.06
KHURSHEED TEXTILE - ROTATION - ALI,3.09.06
ALLIED INTERNATIONAL - ROTATION - ALI,3.09.06
GLOBE DYEING - ROTATION - ALI,3.09.06
AL-GHANI TERRY - ROTATION - ALI,3.09.06
BATOOL INTERNATIONAL - ROTATION - ALI,3.09.06
SARDAR INTERNATIONAL - ROTATION - ALI,3.09.06
SHAHBAZ GARMENTS - ROTATION - ALI,3.09.06
DECENT YARN - ROTATION - ALI,3.09.06
MORTEX INTERNATIONAL - ROTATION - ALI,3.09.06
A.H TEXTILE - ROTATION - UE,3.09.06
H.I TEXTILE - ROTATION - ALI,3.09.06
M.S.K TEXTILES - ROTATION - ALI,3.09.06
DESIGN INTERNATIONAL - ROTATION - ALI,3.09.06
EASTERN GARMENT (PVT) LTD. ROTATION - ALI,3.09.06
NUTEX INTERNATIONAL (PVT) LTD. - ROTATION - ALI,3.09.06
UMAR GARMENTS - ROTATION - ALI,3.09.06
AL-REHMAN ENTERPRISES - ROTATION - ALI,3.09.06
ASKARI WOOLEN MILLS - ROTATION - ALI,3.09.06
COLORS TEX - ROTATION - ALI,3.09.06
CROWN TEXTILE - ROTATION - ALI,3.09.06
SARA CORPORATION - ROTATION - ALI,3.09.06
UNITED TOWEL EXPOTERS (PVT) LTD. - ROTATION - ALI,3.09.06
BIZZTEX - ROTATION - ALI,3.09.06
HARAM TEXTILE - ROTATION - ALI,3.09.06
M.S. APPAREL - ROTATION - SHAHZAIB,3.09.06
IBRAHIM'S TEX - ROTATION - ALI,3.09.06
M.A TEXTILE - ROTATION - ALI,3.09.06
SOCKS & SOCKS (PVT) LTD - ROTATION - ALI,3.09.06
TRANDS APPAREL - ROTATION - ALI,3.09.06
WEAVER BIRDS INTERNATIONAL - ROTATION - ALI,3.09.06
YOUNUS TEXTILES - ROTATION - ALI,3.09.06
AROOJ ENTERPRISES - ROTATION - SHAHZAIB,3.09.06
WIDE ZONE INTERNATIONAL - ROTATION - ALI,3.09.06
MS GARMENTS - ROTATION - ALI,3.09.06
M.A APPAREL - ROTATION - ALI,3.09.06
HAMEED PRINTING MILLS - ROTATION - ALI,3.09.06
GHAZALI TEXTILE INDUSTRIES - ROTATION - USMAN ELAHI,3.09.06
ALPINE CONTEX - ROTATION - USMAN ELAHI,3.09.06
ANWARTEX INDUSTRIES (PVT) LTD - ROTATION - USMAN,3.09.06
KNITWEAR FABRICS - ROTATION - ALI,3.09.06
ANGEL GARMENTS - ROTATION - SHAHZAIB,3.09.06
HOME STYLES (PVT) LTD. - ROTATION - SHAHZAIB,3.09.06
SAFE TEXTILE INDUSTRY - ROTATION - SHAHZAIB,3.09.06
JAWWAD INDUSTRIES - ROTATION - USMAN ELAHI,3.09.06
A.K TRADERS - ROTATION - USMAN ELAHI,3.09.06
SOHAIL ENTERPRISES - ROTATION - SHAHZAIB,3.09.06
AB APPAREL - ROTATION - ALI,3.09.06
BILAL CORPORATION - ROTATION,3.09.06
AKMAL AIJAZ TEXTILE - ROTATION - USMAN ELAHI,3.09.06
ZEENAT TEXTILE INDUSTRY - ROTATION,3.09.06
SARIM TEXTILE INDUSTRIES - ROTATION - USMAN ELAHI,3.09.06
REVIVE TEXTILE (PVT) LTD - ROTATION,3.09.06
B.K TEXTILE - ROTATION - AHMED,3.09.06
A.A GARMENTS - ROTATION - SHAHZAIB,3.09.06
WASEEM TRADERS - ROTATION - SHAHZAIB,3.09.06
AL.NOOR TEXTILE - ROTATION - SHAHZAIB,3.09.06
ZENITH TEXTILE - ROTATION - USMAN ELAHI,3.09.06
HAFIZ TEXTILE - ROTATION - USMAN ELAHI,3.09.06
HAMZA TOWEL - ROTATION - USMAN ELAHI,3.09.06
SM EXPORTS - ROTATION - SHAHZAIB,3.09.06
NIAGARA MILLS (PVT) LTD.- ROTATION - SHAHZAIB,3.09.06
ALI HAMZA TRADERS - ROTATION - USMAN ELAHI,3.09.06
AL-QURAISH FABRICS (PVT) LTD.- ROTATION - SHAHZAIB,3.09.06
MILHAN EXPORTS - ROTATION - SHAHZAIB,3.09.06
ZULFIQAR WEAVING AND TOWEL - ROTATION - USMAN ELAHI,3.09.06
SULTEX INDUSTRIES - ROTATION - USMAN ELAHI,3.09.06
TERRY MASTER - ROTATION - HASSAN AWAN,3.09.06
AWESOME TEXTILES INDUSTRIES - ROTATION - U ELAHI,3.09.06
HASSAN TEXTILE INDUSTRIES - ROTATION - U ELAHI,3.09.06
A.F TEXTILE - ROTATION - SHAHAZAIB,3.09.06
AL-REHMAT TRADERS - ROTATION - UE,3.09.06
MEEZAN WEAVING FACTORY - ROTATION - UE,3.09.06
M.H ENTERPRISE - ROTATION - UE,3.09.06
QUALITY FABRICS - ROTATION - SHAHZAIB,3.09.06
NASEEB INDUSTRIES - ROTATION - SHAHZAIB,3.09.06
SAAD TEXTILE - ROTATION - MUAAZ,3.09.06
UMAR TEXTILE - ASLAM SABA - ROTATION - SHAHAZAIB,3.09.06
RABIA INDUSTRIES - ROTAION - USMAN ELAHI,3.09.06
YOUSAF TEXTILES NETWORK - ROTATION - USMAN ELAHI,3.09.06
AL-AWWAL INTERNATIONAL - ROTATION - SHAHAZAIB,3.09.06
USJ TEXTILE - ROTATION - SHAHZAIB,3.09.06
S K TEXTILE - ROTATION - SHAHZAIB,3.09.06
KEHKSHAN WEAVING FACTORY - ROTATION - SHAHZAIB,3.09.06
AJMAL HOSEIRY - ROTATION - ALI,3.09.06
A.R APPARELS (PVT) LTD. - ROTATION - UE,3.09.06
KAIF INTERNATIONAL - ROTATION - AHMED,3.09.06
S.A TRADERS - ROTATION - UE,3.09.06
HIRA TEXTILES - ROTATION - UE,3.09.06
HOMETEX - ROTATION - UE,3.09.06
AL ASIF TEXTILE INDUSTRIES - ROTATION - UE,3.09.06
TANITA SPORTS - ROTAION - SHAHZAIB,3.09.06
TAYYABA FASHION KNITWEAR - ROTATION - SHAHZAIB,3.09.06
FREEDOM TEX (PVT) LTD. - ROTATION - SHAHZAIB,3.09.06
TRUEMAN INTERNATIONAL - ROTAION - SHAHZAIB,3.09.06
F.B. INDUSTRIES - ROTATION - UE,3.09.06
HOME FUSION - ROTATION - UE,3.09.06
UNIQUE COLLECTION - ROTATION - SHAHZAIB,3.09.06
S.Q ENTERPRISES - ROTATION - SHAHZAIB,3.09.06
SHERWANI EXIM - ROTATION - SHAHZAIB,3.09.06
MUBASHAR CORPORATION (PVT) LTD. - ROTATION - UE,3.09.06
SAJID TEXTILE INDUSTRIES (PVT) LTD - ROT - SZAIB - ASLAM,3.09.06
ASAD ENTERPRISES - ROTATION - SZAIB - ASLAM SABA,3.09.06
CASTLE INDUSTRIES - ROTATION - UE,3.09.06
HARMAIN TEXTILE - ROTATION - UE,3.09.06
HAJI RAFIUDDIN WALIUDDIN - ROTATION - UE,3.09.06
SALAM TEXTILE - ROTATION - UE,3.09.06
HAJI KHUDABUX AMIR UMAR - ROTATION,3.09.06
MUKATI IMPEX - ROTATION - UE,3.09.06
ORIENT ENTERPRISE - ROTATION - UE,3.09.06
THREE FOLD INTERNATIONAL - ROTATION - UE,3.09.06
A ESSAK AND SONS - ROTATION - UE,3.09.06
FINE COTTON TEXTILE - ROTATION - SHAHZAIB,3.09.06
AL - HABIB INDUSTRIES - ROTATION - SHAHZAIB,3.09.06
S.A.F. KNITTING - ROTATION - ALI,3.09.06
ZAIB TEXTILES - ROTATION - SHAHZAIB,3.09.06
WEAVER BIRDS INTERNATIONAL - ROTATION - SHAHZAIB,3.09.06
ABDULLAH TEXTILE - ROTATION - MOBEEN,3.09.06
STITCH CO - ROTATION - SHAHZAIB,3.09.06
PERCEPTION APPARELS - ROTATION - SHAHZAIB,3.09.06
BEST TOWEL INDUSTRIES - ROTATION - UE,3.09.06
AL MUMTAZ TEXTILE INDUSTRIES - ROTATION - UE,3.09.06
NAYAB ENTERPRISES - ROTATION - UE,3.09.06
W.BROTHERS - ROTATION - SHAHZAIB,3.09.06
SALEEM TEXTILE - ROTATION - SHAHZAIB/ASLAM SABA,3.09.06
IMRAN TEXTILES - ROTATION - SHAHZAIB/ASLAM SABA,3.09.06
AL MOAZIN ENTERPRISES - ROTATION - UE,3.09.06
HASHMANI TOWEL - ROTATION - UE,3.09.06
AL GHANI TERRY MILLS (PRIVATE) LIMITED - ROTATION - SHZ,3.09.06
H.H. INDUSTRIES - ROTATION - SHAHZAIB/ASLAM SABA,3.09.06
MEHAK IMPEX - ROTATION - SHAHZAIB,3.09.06
AL-GHANI TERRY - ROTATION - SHAHZAIB/MIBAR,3.09.06
MAHDI TRADERS - ROTATION - SHAHZAIB,3.09.06
CONTINENTAL TOWELS (PVT) LTD. - ROTATION - UE,3.09.06
MAX FAB - ROTATION - SHAHZAIB,3.09.06
CLOSE KNIT HOSIERY - ROTATION - SHAHZAIB,3.09.06
GLOBAL EXPORTS - ROTATION - SHAHZAIB,3.09.06
AZHARI TRADING INC - ROTATION - UE,3.09.06
PENNA OVERSEAS CORPORATION - ROTATION - SHAHZAIB,3.09.06
W.BROTHERS - ROTATION - AHMED/IMRAN SULERI,3.09.06
FATIMA WEAVING MILLS (PVT) LTD.- ROTATION - UE,3.09.06
CREATIVE FARICS - ROTATION - SHAHZAIB,3.09.06
ZAIN INTERNATIONAL - ROTATION - CARDS - MUAZ,3.09.06
HY TRADERS - ROTATION - AHMED,3.09.06
AL-RAHIM TOWEL - ROTATION - UE,3.09.06
MIBAR TEXTILE - ROTATION - SHAHZAIB/MOBEEN,3.09.06
AFROZE TEXTILE INDUSTRIES (PVT) LTD. - SZB - IQBMF,3.09.06
ANWARTEX INDUSTRIES (PVT) LTD. - SZB - IQBMF,3.09.06
SUN TEXTILES - ROTATION - SZB - IQBMF,3.09.06
ARTISTIC TOWEL MILLS - ROTATION - SZB - IQBMF,3.09.06
MIS COTTON - ROTATION - SHAHZAIB,3.09.06
SIMCO - ROTATION - MUAAZ,3.09.06
M. MAKKI & COMPANY - ROTATION - AHMED,3.09.06
EJAZ SHABBIR TEXTILE - ROTATION - USAMA,3.09.06
JR EXPORTS - ROTATION - SHAHZAIB,3.09.06
ALBARITEX - ROTATION - SHAHZAIB,3.09.06
ARTISTIC TOWEL MILLS - ROTATION - SHAHZAIB,3.09.06
KAMAL INDUSTRIES - ROTATION - AHMED - BKASURI,3.09.06
STAR EXPORT - ROTATION - AHMED,3.09.06
AFROZE TEXTILE INDUSTRIES (PVT) LTD. - UE,3.09.06
ASIAN TEXTILE COMPANY - ROTATION - MOBEEN,3.09.06
FAISAL CORPORATION - ROTATION - RANA HAMID,3.09.06
NAEEM TEXTILES - ROTATION - SHAHZAIB,3.09.06
MIAN GHOUS BUX (PVT) LTD. - ROTATION - AHMED,3.09.06
S.B WEAVING FACTORY - ROTATION - AHMED,3.09.06
SIALKOT TEXTILES - ROTATION - AHMED - BKASURI,3.09.06
HUSSAIN CORPORATION - ROTATION - AHMED - BKASURI,3.09.06
AG TEXTILE - ROTATION - MOBEEN,3.09.06
ROYAL HOME BRANDS - ROTATION - SHAHZAIB,3.09.06
SUNNAIR TEXTILES - ROTATION - AHMED - BKASURI,3.09.06
DECENT TOWELER WEAVING FACTORY - R - AHMED/BKASURI,3.09.06
STAR FABRICS - ROTATION - AHMED - BKASURI,3.09.06
SALTEX - ROTATION - UE,3.09.06
NISAR FABRICS - ROTATION - AHMED - BKASURI,3.09.06
ASIF WEAVING - ROTATION - AHMED - BKASURI,3.09.06
RIZWAN WEAVING - ROTATION - AHMED - BKASURI,3.09.06
ALL A ONE INTERNATIONAL - ROTATION - SHAHZAIB,3.09.06
MAJEED FABRICS (PVT) LTD - ROTATION - AHMED - BKASURI,3.09.06
A.B EXPORTS (PVT) LTD. - ROTATION - AHMED - BKASURI,3.09.06
BI TEXTILE - ROTATION - AHMED - BKASURI,3.09.06
SOHA TRADERS - ROTATION - SHAHZAIB,3.09.06
AHMAD ZUBAIR TEXTILE - ROTATION - AHMED - BKASURI,3.09.06
MOTHER TEXTILES - ROTATION - AHMED - BKASURI,3.09.06
NEW ZEENAT TEXTILE MILLS - ROTATION - UE,3.09.06
RAYYAN TEXTILE - ROTATION - AHMED - BKASURI,3.09.06
ABID TEXTILE - ROTATION - UE,3.09.06
SIDDIQSONS LTD - ROTATION - SZB - IQBMF,3.09.06
ALI TRADING COMPANY (PVT) LTD - RTN - AHMED - BKRI,3.09.06
JANNAT WEAVING FACTORY - RTN - AHMED - BKRI,3.09.06
RICO WEAVING FACTORY - RTN - AHMED - BKRI,3.09.06
SHEHZAD ENTERPRISES - RTN - AHMED - BKRI,3.09.06
M.F FABRICS - ROTATION - AHMED - BKASURI,3.09.06
TAIMUR CORPORATION - ROTATION - SHAHZAIB,3.09.06
NAEEM TANVIR ENTERPRISES - ROTATION - SHAHZAIB,3.09.06
WALI EXPORTS - ROTATION - SHAHZAIB,3.09.06
FINE TOWELS - ROTATION - UE,3.09.06
M Y ENTERPRISES - ROTATION - SHAHZAIB,3.09.06
SHIWANI TEXTILE - ROTATION - SZB - IQBMF,3.09.06
HAJRATEX INTERNATIONAL - ROTATION - SHAHZAIB,3.09.06
SALTEX EXPORTS - ROTATION - UE,3.09.06
S.S TEXTILE INDUSTRIES - ROTATION - UE,3.09.06
ALI & SUGRA TEXTILE - ROTAION - SHAHZAIB / SHEHBAZ YARN,3.09.06
IANTEX INDUSTRIES - ROTATION - UE,3.09.06
CITIZEN TEXTILE MILLS - ROTATION - UE,3.09.06
FINE STAR FASHION - ROTATION - SHAHZAIB,3.09.06
MASOODA WEAVING - ROTATION - UE,3.09.06
CONTINENTAL HOME TEXTILES (PVT) LTD. - ROTATION - UE,3.09.06
KN TERRY TEX - ROTATION - SHAHZAIB/ASLAM SABA,3.09.06
MIANNOOR TEXTILE INDUSTRIES (PVT) LTD. - ROT - AHD,3.09.06
A N TEXTILE MILLS - ROTATION - AHMED - BKASURI,3.09.06
IQRA TEX - ROTATION - SHAHZAIB,3.09.06
SAFA TEX - ROTATION - SHAHZAIB,3.09.06
ASTROGULF TEXTILES - ROTATION - SHAHZAIB,3.09.06
BEST CLEAN TEXTILES - ROTATION - AHMED - BKASURI,3.09.06
FRIENDS APPAREL - ROTATION - SHAHZAIB,3.09.06
ANIS APPAREL - ROTATION - AHMED,3.09.06
MASTER INDUSTRIES - ROTATION - AHMED - BKASURI,3.09.06
MILES TEXTILE - ROTATION - AHMED - BKASURI,3.09.06
MEHER SPRING (PVT) LTD.- ROTATION - AHMED - BKSRI,3.09.06
PAK TEXTILE INDUSTRIES - ROTATION - UE,3.09.06
ROSE TEXTILE - ROTATION - SHAHZAIB,3.09.06
FASHION ART INTERNATIONAL - ROTATION - UE,3.09.06
LAIQ REHMAN TEXTILE MILLS (PVT) LTD. - ROT - SZAIB,3.09.06
NAWAB FABRICS.- ROTATION - AHMED - BKSRI,3.09.06
DHEDHI BROTHERS - ROTATION - SHAHZAIB,3.09.06
SODAGAR GROUP.- ROTATION - AHMED - BKSRI,3.09.06
MUNAWAR TEXTILES.- ROTATION - AHMED - BKSRI,3.09.06
ROYAL TEXTILE - ROTATION - UE,3.09.06
AZEEM TEXTILE INDUSTRIES - ROTATION - MOBEEN,3.09.06
SPRY SPORTS CORPORATION - ROTATION - SHAHZAIB,3.09.06
AYOOB TEX - ROTATION - UE,3.09.06
DANEESHA FASHION - ROTATION - SHAHZAIB,3.09.06
HALEEMATEX - ROTATION - UE,3.09.06
UMMI TEXTILE (PVT) LTD.- ROTATION - AHMED - BKSRI,3.09.06
HAMZA TOWELS - ROTATION - SHAHZAIB,3.09.06
ALLMAAN CORPORATION.- ROTATION - AHMED - BKSRI,3.09.06
SBES ENTERPRISES - ROTATION - AHMED - BKSRI,3.09.06
M.K.SONS (PVT) LTD. - ROTATION - AHMED - BKSRI,3.09.06
TEE ZEE TEXTILE - ROTATION - AHMED - BKSRI,3.09.06
IMRAN BROTHERS TEXTILE (PVT) LTD.- ROT - AHMED - BKSRI,3.09.06
F.B. INDUSTRIES - ROTATION - SHAHZAIB,3.09.06
GA & SONS - ROTATION - UE,3.09.06
AL REHMAN ENTERPRSIES - ROTATION - AHMED,3.09.06
ADNAN APPAREL - ROTATION - UE,3.09.06
J.K. SPINNING MILLS LTD - ROTATION - AHMED - BKSRI,3.09.06
CASTLE INDUSTRIES - ROTATION - SHAHZAIB,3.09.06
KAMAL INDUSTRIES - ROTATION - AHMED - HS TRADERS,3.09.06
Z.I & CO. - ROTATION - AHMED,3.09.06
M.M.INTERNATIONAL - ROTATION - AHMED - HS TRADERS,3.09.06
FRIENDSHIP FABRICS - ROTATION - AHMED,3.09.06
LAL INDUSTRIES - ROTATION - SZB - IQBMF,3.09.06
ESSATEX INDUSTRIES - ROTATION - UE,3.09.06
NOMAN UMER & CO. - ROTATION - UE,3.09.06
DHEDHI TEX - ROTATION - AHMED,3.09.06
AHMAD TEXTILES - ROTATION - UE,3.09.06
MIANGUL INDUSTRIES - ROTATION - UE,3.09.06
THREE STARS HOSIERY MILLS (PVT) LTD. - ROT - UE,3.09.06
AMPLE TRADE - ROTATION - SHAHZAIB,3.09.06
A ESSAK AND SONS - ROTATION - SHAHZAIB,3.09.06
ASJAD TEXTILE - ROTATION - UE,3.09.06
AMS TEXTILES (PVT) LIMITED - ROTATION - AHMED,3.09.06
PAK TEXTILE INDUSTRIES - ROTATION - SHAZAB - AS,3.09.06
HASHIM FABRICS (PVT) LTD. - ROTATION - AHMED,3.09.06
RABAIL ENTERPRISES - ROTATION - SHAHZAIB,3.09.06
SADAF DE SPORTS - ROTATION - SHAHZAIB,3.09.06
FATIMA TOWEL INDUSTRIES (PVT) LTD - ROTATION - UE,3.09.06
DUA APPAREL - ROTATION - SHAHZAIB,3.09.06
SMART APPAREL (PVT) LTD. - ROTATION - SHAHZAIB,3.09.06
KNITWEARTREE - ROTATION - SHAHZAIB,3.09.06
LEATHERTEX GLOVING (PVT) LIMITED - ROTATION - SZB,3.09.06
TEX WORLD BATH FASHION - ROTATION - SHAZAIB,3.09.06
SAIMS FASHION - ROTATION - SHAZAIB,3.09.06
AMS TRADER - ROTATION - SHAZAIB,3.09.06
SARDAR HOSIERY PROCESSORS (PVT) LTD. ROT - AHMED,3.09.06
LEGACY TEXTILES - ROTATION - AHMED - HS,3.09.06
AJ ASSOCIATES - ROTATION - UE,3.09.06
DIAMOND EXPORT INDUSTRIES - ROTATION - AHMED - HS,3.09.06
ZUNAIRA INDUSTRIES - ROTATION - SHAZAIB,3.09.06
ALHAMD TEXTILES - ROTATION - MOBEEN,3.09.06
ANWAR KHAWAJA INDUSTRIES - ROTATION - AHMED,3.09.06
DIAMOND TERRY - ROTATION - SHAZAIB,3.09.06
SHAIKH BROTHERS - ROTATION - SHAZAIB,3.09.06
AL RAHEEM WEAVING - ROTATION - SHAZAIB,3.09.06
REHAN & USMAN FABRICS - ROTATION - UE,3.09.06
G-TEX - ROTATION - UE,3.09.06
Z K INTERNATIONAL - ROTATION - UE,3.09.06
AZHARI TEXTILES INC - ROTATION - UE,3.09.06
ZOHAIB INDUSTRIES - ROTATION - AHMED,3.09.06
KAMDAR TEXTILE INDUSTRIES - ROTATION - UE,3.09.06
SYLVANA PAKISTAN - ROTATION - SHAZAIB,3.09.06
PICART TEXTILES - ROTATION - SHAZAIB,3.09.06
UNION THREAD INDUSTRIES - ROTATION - SHAZAIB,3.09.06
SHAHID TENWIR TEXTILE MILLS (PVT) LTD.- ROT - AHM,3.09.06
M.J ENTERPRISES - ROTATION - UE,3.09.06
DEWAN ENTREPRISES - ROTATION - AHMED - HS,3.09.06
A.N TEXTILES - ROTATION - UE,3.09.06
TEXTILE FARMS - ROTATION - UE,3.09.06
S.A.M SOURCING - ROTATION - SHAZAIB,3.09.06
BM APPAREL - ROTATION - SHAZAIB,3.09.06
UMAR TEXTILES - ROTATION - AHMED - HS,3.09.06
FIRHAJ FOOTWEAR (PVT) LTD. - ROTATION - SHAZAIB,3.09.06
THREE FOLD INTERNATIONAL - ROTATION - SHAHZAIB,3.09.06
SPECTRUM CLOTHING - ROTATION - SHAUKAT,3.09.06
TERRY TEX INTERNATIONAL - ROTATION - UE,3.09.06
ALEENA TEXTILE INDUSTRIES - ROTATION - UE,3.09.06
H.A TRADERS - ROTATION - UE,3.09.06
ICON TEXTILE - ROTATION - UE,3.09.06
PLAY WELL SPORTS - ROTATION - SHAZAIB,3.09.06
SANTEX INDUSTRIES - ROTATION - UE,3.09.06
IQBAL SILK MILLS (PVT) LIMITED - ROTATION - AHMED,3.09.06
K.A ENTERPRIZES (PVT) LTD. - ROTATION - SHAUKAT,3.09.06
AHMED TOWELS - ROTATION - UE,3.09.06
K.A ENTERPRIZES (PVT) LTD. - ROTATION - UE,3.09.06
TEE ZEE TEXTILES - ROTATION - UE,3.09.06
ARRAYPAK SPORTS INTERNATIONAL - ROT - NISAR,3.09.06
SPORTA 360 - ROTATION - SHAHZAIB,3.09.06
IJAZ SHABBIR TEXTILE MILLS (PVT) LTD. - ROT - USM,3.09.06
KHALID NAZIR SPINNINGS LTD. - ROTATION - MOBEEN,3.09.06
SALAM TEXTILE - ROTATION - NISAR,3.09.06
LEVERLAST INTERNATIONAL - ROTATION - NISAR,3.09.06
HAROON FABRICS (PVT) LIMITED - ROT - UE,3.09.06
AMNA TEXTILE - ROTATION - UE,3.09.06
TRUST FIBER MILLS - ROTATION - MOBEEN,3.09.06
M.A TEX - ROTATION - NISAR,3.09.06
WEAVE INN TEXTILE - ROTATION - UE,3.09.06
AL RAHEEM WEAVING - ROTATION - UE,3.09.06
MALIK AZEEM COTTON WASTE - ROTATION - MOBEEN,3.09.06
ANAYA TEXTILE & MOP MANUFATURING - ROT - UE,3.09.06
DREAMTEX INDUSTRY - ROTATION - UE,3.09.06
A.Q.TEXTILE - ROTATION - UE,3.09.06
HASHAM TOWELS - ROTATION - UE,3.09.06
ZAS ENTERPRISES - ROTATION - UE,3.09.06
GREENWAY PRODUCTS - ROTATION - UE,3.09.06
KARSAZ TEXTILE INDUSTRIES - ROTATION - UE,3.09.06
M.J TEXTILES - ROTATION - UE,3.09.06
TEXTILE CHANEL - ROTATION - UE,3.09.06
AK TRADERS - ROTATION - UE,3.09.06
MIRTEX INTERNATIONAL COMPANY - ROT - NISAR,3.09.06
TULIP TOWEL IND (PVT) LTD. - ROTATION - UE,3.09.06
DIAMOND TERRY - ROTATION - UE,3.09.06
CHAUDHRY ENTERPRISES - ROT - NISAR/ABID LATIF,3.09.06
FORTUNE EXPORTS INTERNATIONAL - ROT - MOBEEN,3.09.06
BIN AHMED TRADING COMPANY - ROT - MOBEEN,3.09.06
HAMMAD TEXTILE - ROTATION - UE,3.09.06
H.R COTTON EXPORTS - ROTATION - UE,3.09.06
KAYTEX (PRIVATE) LIMITED - ROTATION - MOBEEN,3.09.06
WEAVE INN TEXTILES - ROTATION - UE,3.09.06
UNITED KNITWEAR - ROTATION - MOBEEN,3.09.06
RAH TRADING - ROTATION - UE,3.09.06
M.Y BARI MILLS (PVT) LTD.- ROTATION - UE,3.09.06
ASIF WEAVING FACTORTY - ROTATION - MOBEEN,3.09.06
USMAN ENTERPRISES - ROTATION - MUAAZ,3.09.06
PAK TOWELS INDUSTRIES - ROTATION - UE,3.09.06
XTEX INTERNATIONAL - ROTATION - NISAR,3.09.06
BILAL TOWELS - ROTATION - UE,3.09.06
IQBAL WEAVING FACTORY - ROTATION - MOBEEN,3.09.06
MUHAMMAD ASLAM WEAVING FACTORY - ROTATION - MOBEEN,3.09.06
MMM WEAVING FACTORY - ROTATION - MOBEEN,3.09.06
ADI WEAVING FACTORY - ROTATION - MOBEEN,3.09.06
BLUE BIRDS FABRICS - ROTATION - MOBEEN,3.09.06
QASIM WEAVING - ROTATION - UE,3.09.06
USMAN INTERLINNING - ROTATION - UE,3.09.06
CH NIAZ WEAVING FACTORY - ROTATION - MOBEEN,3.09.06
POLY COT TEXTILE - ROTATION - UE,3.09.06
SML EXPORTS (PRIVATE) LIMITED - ROTATION - UE,3.09.06
LUBBAIK ENTERPRISES - ROTATION - UE,3.09.06
A.R & SONS - ROTATION - UE,3.09.06
ITTEHAD TOWEL - ROTATION - UE,3.09.06
MEHRAN THREAD WORKS - ROTATION - UE,3.09.06
AZ HUSSYN - ROTATION - UE,3.09.06
AL FAROOQ INDUSTRIES - ROTATION - UE,3.09.06
COTTON WORLD - ROTATION - UE,3.09.06
MAHEE INTERNATIONAL - ROTATION - UE,3.09.06
IKKON - ROTATION - MOBEEN,3.09.06
THREE STAR INDUSTRIES - ROTATION - UE,3.09.06
SHEHZAD ENTERPRISES - ROTATION - UE,3.09.06
ITEHAD ENTERPRISES - ROTATION - USMAN,3.09.06
RADIUM TEXTILES - ROTATION - UE,3.09.06
S.Y FABRICS - ROTATION - UE,3.09.06
MUSTAFA ENTERPRISES - ROTATION - UE,3.09.06
AA ENTERPRISES - ROTATION - UE,3.09.06
BLISS TEXTILE INDUSTRIES - ROTATION - UE,3.09.06
SSS CORPORATION - ROTATION - UE,3.09.06
RAZA TEXTILE - ROTATION - UE,3.09.06
YUNUS TEXTILE - ROTATION - UE,3.09.06
VOHRA TEX - ROTATION - UE,3.09.06
DARTEK - ROTATION - UE,3.09.06
SHIWANI TEXTILE - ROTATION - UE,3.09.06
ABTEX INTERNATIONAL PVT LTD - ROTATION - UE,3.09.06
MILLENIUM TEXTILES - ROTATION - UE,3.09.06
TAIMUR TEXTILE INDUSTRIES - ROTATION - UE,3.09.06
HILAL WEAVING MILLS - ROTATION - UE,3.09.06
HIRA TEXTILE MILLS LTD - MACHINERY/STORES SALE,3.09.07
HIRA TEXTILE MILLS LTD - INVOICED,3.09.07
HIRA TERRY MILLS LTD.,3.09.07
DOST MUHAMMAD - MACHINERY SALES,3.09.07
SCANFROST INDUSTRIES,3.09.07
RABBIYA AGENCIES - MACHINERY SALE,3.09.07
RIAZ TEXTILE - STORES,3.09.07
ZEE SQUARE TEXTILE MACHINERY - MACHINERY SALE,3.09.07
JAMSHED - HADI SPINNING - MACHINERY SALE,3.09.07
M.ASLAM - MACHINERY SALE,3.09.07
COMBINE SPINNING - MATERIAL,3.09.08
COTTON HIGH TECH - FABRICS,3.09.09
GREEN TEX INNOVATION LLC,3.09.09
AJMAL YASIN (GREEN TEX INNOVATION LLC),3.09.09
SARENA 360,3.09.09
LAHORE APPAREL PRIVATE LIMITED,3.09.10
KM APPAREL PRIVATE LIMITED,3.09.10
SPECTRUM CLOTHING - FABRICS,3.09.10
FABRIC INV ADJUSTMENT A/C,3.09.10
FABRIC VENTURE ADJUSTMENT A/C,3.09.10
COMBINE FABRICS DIVISION A/C,3.09.11
LOFTEX LIMITED,3.09.12
OMBRE HOLDING (PVT) LTD.,3.09.12
SAJAL TEXTILE - TOWEL A/C,3.09.12
HAJI MUBARAK - STICHED GARMENTS,3.09.13
SAMI ULLAH - STITCHED GARMENTS,3.09.13
MIRZA SAIF ULLAH - STITCHED GARMENTS,3.09.13
KAINAT AZIZ - STITCHED GARMENTS,3.09.13
AKRAM - DELIGHT - STITCHED GARMENTS,3.09.13
INNOVEX GLOBAL TEXTILE,3.09.13
SAIF ULLAH KHAN,3.09.13
MUHAMMAD IQBAL - STITCHING CHARGES,3.09.14
