name,payable_account_code
IBRAHIM FIBRES LIMITED,2.07.01
LUCKY CORE / ICI PAKISTAN LIMITED,2.07.01
E-VISION MANUFACTURING CO,2.07.01
ENZO (TALIB C/O IMRAN),2.07.01
ALTAF BROKER,2.07.01
LASANI COTTON CORPORATION,2.07.01
BEST FIBERS (PVT) LTD,2.07.01
LASANI FIBERS INDUSTRIES,2.07.01
MB TEXTILE CORPORATION,2.07.01
JALANDAR COTTON (ZULFIQAR BROKER),2.07.01
SAMAD CORPORATION,2.07.01
ATIF MOBEEN COTTON,2.07.01
MAQBOOL TEXTILE MILLS LTD,2.07.01
SULTAN AYUB COTTON,2.07.01
NS CONE DYEING - RAW MATERIAL,2.07.01
SHEIKH ASLAM - HARD WASTE,2.07.01
CHENAB COTTON - ZULFIQAR,2.07.01
SOLEJA INC,2.07.01
ZULFIQAR COTTON,2.07.01
FATIMA TEXTILE MILLS LTD,2.07.01
Z.A CORPORATION,2.07.01
ABDUL SAMAD CORPORATION,2.07.01
AMK TRADERS - RM,2.07.01
GULF FIBER COMPANY (PVT) LTD.,2.07.01
OLYMPIA TEXTILE MILLS LTD - RM,2.07.01
RELIANCE WEAVING MILLS LTD,2.07.01
HASSAN TRADERS - ZULFIQAR,2.07.01
A.J TEXTILE MILLS LTD,2.07.01
C.A TEXTILE MILLS (PVT) LTD.,2.07.01
J.K SPINNING MILLS LTD,2.07.01
SAIF TEXTILE MILLS LTD,2.07.01
KHURSHEED TRADING COMPANY - RAW MATERIAL,2.07.01
LATIF WORSTED SPIINNING MILLS LTD,2.07.01
MUZAMMIL LATIF COTTON,2.07.01
ASIA ACCESS TECHNOLOGIES,2.07.01
INSAF COTTON GINNERS,2.07.01
KARAM-E-KAREEM SPINNING MILLS (PVT) LTD.,2.07.01
YOUNUS TEXTILE MILLS LTD,2.07.01
NEW CHEEMA COTTON,2.07.01
AL-ZAMIN TEXTILE,2.07.01
REHMAN COTTON - ALAM SHER,2.07.01
ITTEFAQ COTTON,2.07.01
GM TEXTILE,2.07.01
BOKHARI COTTON,2.07.01
AA COTTON MILLS LTD,2.07.01
IDEAL TRADING CO. - RAW MATERIAL PURCHASE,2.07.01
GUL AHMED TEXTILE MILLS LTD,2.07.01
NISHAT MILLS LTD - MATERIAL PURCHASE,2.07.01
M.RAMZAN - INSURANCE SALVAGE,2.07.01
HIRA TEXTILE MILLS LTD - MATERIAL PURCHASE,2.07.01
NORTH STAR TEXTILE,2.07.01
SURRIYA TEXTILE MILL (PVT) LTD.,2.07.01
FAYYAZ COTTON (PVT) LTD.,2.07.01
KOHAT TEXTILE MILLS LTD,2.07.01
KASHIF TRADER SHUJABAD,2.07.01
TRICON FIBRES,2.07.01
BASHIR TRADERS,2.07.01
GLAMOUR TEXTILE MILLS LTD,2.07.01
BHATTI COTTON,2.07.01
SHAHID ASSOCIATES - COTTON,2.07.01
FAZAL CLOTH MILLS LIMITED - MATERIAL,2.07.01
LASANI MODEL INDUSTRIES,2.07.01
BILAL AGRO SEEDS,2.07.01
FOUR BROTHER AGRI SERVICES PAKISTAN - COTTON,2.07.01
SYED RIZWAN NAQWI - POLYESTER,2.07.01
JUNAID TRADERS RYK - COTTON,2.07.01
YASIR SHARIF - COTTON,2.07.01
NEW LUCKY COTTON,2.07.01
AL NOOR COTTON,2.07.01
CRES COT MILLS LTD,2.07.01
WHITO COTTON LINKS (PVT) LTD.,2.07.01
TATA COTTON FACTORY,2.07.01
GHOUSIA COTTON,2.07.01
SAKHI SULTAN FAQEER COTTON,2.07.01
SEVEN STAR COTTON & OIL INDUSTRIES,2.07.01
HAMEER FAQEER QUALITY COTTON GINNER FACTORY,2.07.01
ADAMJEE INSURANCE - VISCOSE PURCHASE,2.07.01
SUN FIBER POLYESTER,2.07.01
UNITED INSURANCE - VISCOSE PURCHASE,2.07.01
SITARA TEXTILE MILLS LTD.,2.07.01
QASUR TEXTILE,2.07.01
BISMILLAH COTTON,2.07.01
H.A HAQ TEXTILE,2.07.01
BOMBAL TEXTILE MILLS (PVT) LTD.,2.07.01
AZAD COTTON,2.07.01
PATRON INTL. - MATERIAL PURCHASE,2.07.01
PARADISE SPINNING MILLS LTD.,2.07.01
SHOAIB - COTTON,2.07.01
GADOON TEXTILE MILLS LTD.,2.07.01
SHAHNIYAL TEXTILE ASSOCIATION,2.07.01
TANVEER SPINNING & WEAVING MILLS (PVT) LTD.,2.07.01
HAMEED (PVT) LTD.,2.07.01
ASIF COTTON GINNERS,2.07.01
IDREES TEXTILE MILLS LIMITED. MATERIAL PURCHASE,2.07.01
FABCOT INTERNATIONAL - MATERIAL PURCHASE,2.07.01
LODHRAN FIBRES,2.07.01
REHMAN SEED CORPORATION,2.07.01
STAR TEXTILE MILLS LTD,2.07.01
TALHA KHAN - GLAXY TEXTILE,2.07.01
AHMED BAKHSH & SONS.,2.07.01
ZAMAN TEXTILE MILLS (PVT) LTD. - VISCOSE,2.07.01
SAPPHIRE TEXTILE MILLS LTD - UNIT 4 - POLYESTER,2.07.01
QASIM TEXTILE - VISCOSE,2.07.01
MUDASSAR COTTON GINNER - CHICHAWATNI,2.07.01
A.G TEXTILE - MATERIAL PURCHASE,2.07.01
FAREED KHAN - MIR AFZAL - RAW MATERIAL,2.07.01
SIFAT GHARANI TRADING,2.07.01
SARITOW SPINNING MILLS LTD,2.07.01
G.M TRADERS,2.07.01
SAQIB BROTHERS COTTON GINNERS AND OIL MILLS,2.07.01
ARSHAD TEXTILE MILLS LTD.,2.07.01
LOUIS DREYFUS PAKISTAN (PVT) LTD.,2.07.01
PINNACLE FIBER (PVT) LTD - UNREGISTERED,2.07.01
G.M TRADERS - UNREGISTERED,2.07.01
HASSAN IRFAN INTERNATIONAL,2.07.01
INDUS LYALLPUR LTD,2.07.01
ZAFAR FABRICS (PVT) LTD.,2.07.01
HAMZA SALEEM - POLYESTER,2.07.01
NASIR MEHMOOD - POLYESTER,2.07.01
KHURRAM - POLYESTER,2.07.01
ZULFIQAR - VISCOSE,2.07.01
H.A FIBRES /HUSNAIN TEXTILE,2.07.01
KASHMIR COTTON,2.07.01
CHAUDHRY COTTON,2.07.01
AL MANZOOR COTTON TRADER,2.07.01
DYE CRAFT,2.07.01
ABDUL SAMAD CORPORATION - COTTON,2.07.01
HASSAN NAWAZ COTTON INDUSTRIES,2.07.01
LA TRADER,2.07.01
RGI - MATERIAL PURCHASE,2.07.01
H.A.R FIBRES (PVT) LTD.,2.07.01
PINNACLE ASSOCIATES,2.07.01
SHAHBAZ INDUSTRIES,2.07.01
MOBEEN USMAN COTTON GINNERS,2.07.01
BASHIR AND SONS,2.07.01
PINNACLE FIBER - GREEN,2.07.01
AFAQ SAMI,2.07.02
ZAHID JEE TEXTILE MILLS LTD - HARD WASTE,2.07.02
RAVI SPINNINGS LTD,2.07.02
COLONY TEXTILE MILLS LTD,2.07.02
COMBINE SPINNING (PVT) LTD - UNIT 3,2.07.02
FANZ SPINNING MILLS LTD - MATERIAL,2.07.02
S.S COTTON (SHRED MATERIAL),2.07.02
IKHLAQ (WOOLEN),2.07.02
WAQAS TRADERS - HARDWASTE,2.07.02
MUHAMMAD HUSSAIN MILLS - HARD WASTE,2.07.02
EXCESS STOCK ADJUSTMENT A/C,2.07.02
SAAD ENTERPRISES,2.07.02
SARGODHA JUTE MILLS LTD.,2.07.02
HORIZON PROGRESSIVE - HARD WASTE,2.07.02
CH TALIB - NEPS,2.07.02
IRTAZA TRADERS - HARDWASTE,2.07.02
SUFI COTTON WASTE,2.07.02
ZUBAIR - SHUDDY,2.07.02
ZAHID - HARD WASTE,2.07.02
ABBAS TRADERS - NEPS,2.07.02
SAFDAR - PV HARDWASTE,2.07.02
NASEER - SHREDD - FSD,2.07.02
MADINA COTTON - SHREDD,2.07.02
JAMSHED COMMISSION SHOP - SHUDDY,2.07.02
RAMZAN - HARD WASTE,2.07.02
MASOOD COTTON,2.07.02
AIMS TEXTILE SERVICES - AUTOCONER,2.07.03
SANYOU MACHINERY & TECHNOLOGY INTRL.,2.07.03
HAMEED & SONS - STEPCLEANER,2.07.03
IDEAL TRADING COMPANY - MACHINERY,2.07.03
INNOVATIVE SOLUTIONS - SLUB ATTACHMENTS,2.07.03
"DEWAN FAROOQ TEXTILE MILLS LIMITED - LYCRA ATT,",2.07.03
ITAL MARKETING (PVT) LTD,2.07.04
FAST CABLES LTD,2.07.04
H.K.RUBBER INDUSTRIES (PVT) LTD,2.07.04
AMIN TRADE LINK,2.07.04
INDUSTRIAL CONTRACTING & TRADING,2.07.04
FAROOQ ELECTRONICS,2.07.04
SERVICE TRADERS,2.07.04
AL-MADINA TRADERS FSD,2.07.04
M.S TRADERS,2.07.04
AL-KARAM ENTERPRISES,2.07.04
A.C.T AIR COMPRESSOR TECHNOLOGY,2.07.04
ABDULLAH TRADERS,2.07.04
SHEHZAD 7 BROTHERS,2.07.04
PROFESSIONAL LUBES,2.07.04
AL-HARAM INDUSTRIAL ELECTRONICS,2.07.04
ALLIED ENGINEERING & SERVICES LTD,2.07.04
SARIB ENTERPRISES,2.07.04
A.A BELTING CO.,2.07.04
SUFYAN PACKAGES,2.07.04
ASFAND TRADERS,2.07.04
KHURSHEED TRADING CO,2.07.04
IDEAL TRADING CO.,2.07.04
RAUF ELECTRONICS EQUIPMENT,2.07.04
AL-JABBAR ELECTRIC CO.,2.07.04
LUBE HOUSE,2.07.04
OPTO ELECTRONICS,2.07.04
IBRAHIM FIBRE LTD - MACHINERY/SPARE PARTS,2.07.04
3 STARS INDUSTRY,2.07.04
NEW MODERN TRADING COMPANY,2.07.04
INDUSTRIAL PNEUMATIC PARTS,2.07.04
MEASURE & BREAK,2.07.04
INFINITY POWER SOLUTION - GENERATOR PARTS,2.07.04
ABDUL HAFEEZ - LAB PARTS,2.07.04
NADEEM IMPEX,2.07.04
KASHAF TRADER,2.07.04
ALPHA PENTA (PVT) LTD.,2.07.04
TAUSEEF BROTHERS - STORES,2.07.04
NADEEM TRADERS - FSD,2.07.04
SHAHZAIB TRADERS - FSD,2.07.04
HAMZA TRADERS,2.07.04
AWAIS TRADERS,2.07.04
IQBAL & SONS,2.07.04
ALLIANCE ENERGY SYSTEM,2.07.04
DIAMOND TRADERS,2.07.04
TEXTILIAN,2.07.04
MULTI NATIONAL TEXTILE,2.07.04
SOHAIL INDUSTRIAL STORE,2.07.04
ZAM ZAM TEXTILION,2.07.04
A.M ENTERPRISES - STORES,2.07.04
S.B.F ENGINEERING WORKS,2.07.04
MKH ENTERPRISES,2.07.04
PRIME TECH,2.07.04
A-WAHAB ELECTRIC CO.,2.07.04
UK ELECTRONICS,2.07.04
ZRN ENTERPRISES,2.07.04
ELECTRO CRAFTS,2.07.04
STANDARD ENTERPRISES,2.07.04
REPLACED REJECTED PAPERCONE A/C,2.07.04
SPINTEX (PVT) LTD.,2.07.04
ABID & BROTHERS,2.07.04
A.H TEXTILE,2.07.04
DN TRADERS,2.07.04
TAYYAB TEXTILE TRADERS,2.07.04
BISMILLAH ELECTRONIC,2.07.04
D N ENTERPRISES - STORES,2.07.04
MAHAD ENTERPRISES,2.07.04
DUA ENTERPRISES,2.07.04
GULFAM AHSAN INDUSTRIES FSD,2.07.04
ORI - TECH OILS (PVT) LTD.,2.07.04
ATTIQUE TRADERS,2.07.04
MOBIL INDUSTRIAL LUBRICANTS SERVICES,2.07.04
RANA AIR SERVICES,2.07.04
PREMIUM BELTING,2.07.04
SHEIKHUPURA MILL STORE,2.07.04
MADINA ELECTRO PLATING ENGINEERING,2.07.04
SHAHZAD TRADERS,2.07.04
CHINA MILL STORE,2.07.04
PUNJAB GREASES & LUBRICANTS,2.07.04
MUBASHAR & CO.,2.07.04
KARIZMA IMPEX,2.07.04
HAMZA ENTERPRISES - SHEIKHUPURA,2.07.04
MAKKI TEXTILE TRADERS,2.07.04
NATIONAL TRADERS,2.07.04
AMFO TRADERS LHR,2.07.04
DELIGHT INDUSTRIES,2.07.04
AL MUSHTAQ CORPORATION,2.07.04
AN TRADERS,2.07.04
M.NADEEM ENGINEERING WORKS,2.07.04
TARIQ ENGINEERING WORKS,2.07.04
3-A INTERNATIONAL,2.07.04
ALFATAH PLASTIC INDUSTRIES (PVT) LTD.,2.07.04
NEW AZAD HARDWARE AND MILL STORE,2.07.04
MUHAMMAD AFZAL -PAPER CONE,2.07.04
SAIM TRADERS,2.07.04
NOOR ELECTRONICS,2.07.04
GHULAM FAREED ENGINEERING WORKS,2.07.04
WAFA POLY SACK (PVT) LTD.,2.07.04
NF ENTERPRISES,2.07.04
IQBAL MILL STORE,2.07.04
MUHAMMAD AFZAL - POLYTHENE,2.07.04
STANDARD ENGINEERING WORKS (PVT) LTD.,2.07.04
TAYYAB JAVED,2.07.04
"SULEMAN SHAH,GUL KHAN JHARO MERCHANT",2.07.04
UNIQUE ELECTRONICS,2.07.04
M.USMAN TEXTILE,2.07.04
WATER CARE,2.07.04
RUBY TRADING CO.,2.07.04
EUR TECHNOLOGIES,2.07.04
SAMI ELECTRONICS,2.07.04
MADNI TRADERS,2.07.04
TH GROUP,2.07.04
TECHNO SERVICES,2.07.04
AMTEX,2.07.04
GRACE TEX INTERNATIONAL - STORES,2.07.04
IQBAL CABLE MERCHANT,2.07.04
MASTER PIPE INDUSTRIES,2.07.04
M.K TRADERS & INDUSTRIAL SERVICES,2.07.04
POWER TECH SOLUTION,2.07.04
BAZAR AL-HADEED,2.07.04
HAIDRI - HOTEL CONTRACTOR,2.07.05
HAIDRI - SHOP CONTRACTOR,2.07.05
ABID HUSSAIN - PACKING CONTRACTOR,2.07.05
MUHAMMAD IDREES - LOADING/MIXING CONTRACTOR,2.07.05
WASHER MAN - CONTRACTOR,2.07.05
CANTEEN - CONTRACTOR,2.07.05
NADEEM - MARGASA/MIXING CONTRACTOR,2.07.05
TASAWAR - LOADING/UNLOADING CONTRACTOR,2.07.05
UNIT 2 - SHOP CONTRACTOR,2.07.05
MESS CONTRACTOR - FREE MEAL,2.07.05
RAMZAN - PACKING CONTRACTOR,2.07.05
OLYMPIA TEXTILE INTERNATIONAL - COMMISSION AGENT,2.07.06
INZY INTERNATIONAL - COMMISSION AGENT,2.07.06
ALI - COMMISSION AGENT,2.07.06
TAYYAB & CO. - COMMISSION AGENT,2.07.06
ENZO TEXTILE - COMMISSION AGENT,2.07.06
ASIF JAVED - COMMISSION AGENT C/O HAJI SALEEM,2.07.06
FATIMA ENTERPRISES - COMMISSION AGENT,2.07.06
ROSE TEXTILE - COMMISSION AGENT,2.07.06
JAWA FIBERS - COMMISSION AGENT,2.07.06
HOUSE OF YARN - COMMISSION AGENT,2.07.06
COTTON TREND - COMMISSION AGENT,2.07.06
TEXTILE HUB - COMMISSION AGENT,2.07.06
AHMED COTTON - COMMISSION AGENT - RM PURCHASE,2.07.07
ZEESHAN AGENCIES,2.07.08
ADAMJEE INSURANCE CO. LTD,2.07.08
A.S.LOGISTICS,2.07.08
EFU GENERAL INSURANCE LTD,2.07.08
TAKAFUL PAKISTAN LTD,2.07.08
POWER SOLUTION,2.07.08
KHURRAM BROTHERS - CLEARING AGENT,2.07.08
ADNAN RASOOL - SHREDDING CHARGES,2.07.08
ADAMJEE INSURANCE CO. LTD (LIFE),2.07.08
SUPER FINE TEXTILES - DOUBLING,2.07.08
EVERGREEN CARGO,2.07.08
NOOR TEXTILE MILLS - DOUBLING,2.07.08
LEOPARDS,2.07.08
M.M GODOWN - COMBINE,2.07.08
"IGI GENERAL INSURANCE LTD - L/C,s",2.07.08
UNITED LOGISTICS,2.07.08
EVERGREEN CARGO - NEW BUSINESS,2.07.08
SHOAIB ARIF - DIGITAL MARKETTING,2.07.08
IGI GENERAL INSURANCE LTD - GENERAL INSURANCE,2.07.08
HUSSAIN DOUBLING,2.07.08
CRESCENT AGENCY,2.07.08
NAUMAN ASSOCIATES - VALUATOR,2.07.08
ADAM ZAEM - DIGITAL MARKETTING,2.07.08
EFU GENERAL INSURANCE LTD - L/C'S,2.07.08
CITI LOGISTICS (PVT) LTD.,2.07.08
RIAZ AHMED & COMPANY,2.07.08
BASFA TEXTILE - INV,2.07.09
COTTON ERA - INV,2.07.09
ZAMANIA ENTERPRISES - INV,2.07.09
IBN E HASSAN WEAVING FACTORY - INV,2.07.09
SPECTRUM CLOTHING - EXPORT BUSINESS,2.07.13
SIDIQUE & SONS - EXPORT BUSINESS,2.07.13
UNIQUE COLLECTIONS - FABRICS,2.07.14
SAREENA TEXTILE INDUSTRIES (PVT) LTD.- SUITING A/C,2.07.15
CH.TALIB HUSSAIN - FABRIC PURCHASE,2.07.15
